Time,Temp,6011 nw-2-1B,6010 nw-2-11,6009 nw-2-0F,6008 nw-2-0E,6007 nw-2-0D,6006 nw-2-09,6005 nw-2-08,6004 nw-2-07,6003 nw-2-05,6002 nw-2-02,6001 nw-2-01,f-6011 nw-2-1B,f-6010 nw-2-11,f-6009 nw-2-0F,f-6008 nw-2-0E,f-6007 nw-2-0D,f-6006 nw-2-09,f-6005 nw-2-08,f-6004 nw-2-07,f-6003 nw-2-05,f-6002 nw-2-02,f-6001 nw-2-01
0,24.5839,0,2,0,1,0,1,0,1,0,2,0,0,0,0,0,0,0,0,0,0,0,0
1,24.5473,0,0,0,0,0,3,1,0,2,10,0,0,1.88636,0,0.89242,0,0.57916,0,0.06037,0,1.98309,0
2,24.5168,0,2,0,0,0,1,3,0,0,3,3,0,0,0,0,0,3.38334,1.03282,0,0.20322,10.23305,0
3,24.4985,0,2,1,2,3,2,2,1,0,5,1,0,2.02154,0,0,0,0.50852,2.88051,0,0,2.68803,1.17213
4,24.4863,0,0,0,1,0,1,0,1,1,1,0,0,1.68949,0.97969,1.29887,2.63415,2.34556,1.96898,1.0576,0,4.76121,0.92554
5,24.4787,1,2,0,0,1,5,2,1,2,1,1,0,0,0,0.2484,0,0.18055,0,1.2962,1.09081,0.47195,0
6,24.4847,0,3,0,0,1,1,1,0,0,4,2,0.60134,0.84814,0,0,0.47828,4.55684,3.44501,0.55269,0.84106,1.06622,0.23369
7,24.4954,1,0,0,2,0,3,1,0,1,1,0,0,2.95608,0,0,0.85444,1.92025,0.18134,0,0,4.38369,1.86428
8,24.5,0,1,0,2,2,2,0,0,0,5,1,0.2502,0,0,1.69489,0,2.22627,0.15036,0,0.7308,2.11106,0
9,24.5289,0,1,0,0,1,1,1,0,0,4,1,0,0.4379,0,1.402,0.81994,1.67872,0,0,0,5.74035,0.36965
10,24.5534,1,0,0,1,3,1,2,0,0,3,2,0,0.97798,0,0,1.25668,1.20156,1.6037,0,0,3.20666,1.70317
11,24.5915,0,1,0,0,0,3,0,0,2,2,0,0.37743,0,0,0.06009,2.60106,1.36317,1.36482,0,0,2.62125,1.68167
12,24.6281,2,1,0,2,1,3,0,0,0,6,1,0,0.50666,0,0,0,3.61521,0,0,1.0258,2.12937,0
13,24.6525,0,2,0,0,0,3,0,0,0,0,1,0.89642,1.52909,0,1.7336,0.95854,3.4234,0,0,0,5.54853,1.001
14,24.6572,0,3,0,0,0,3,3,1,1,4,0,0,0.37863,0,0,0,3.50049,0,0,0,0,0.98484
15,24.6617,2,1,0,1,3,0,1,0,0,4,1,0,2.68185,0,0,0,2.30402,1.79718,0.33245,0.33386,4.86002,0
16,24.6633,0,1,0,1,0,0,0,0,0,3,0,1.86056,1.86211,0,0.23062,2.90055,0,0.7885,0,0,3.99539,0.76687
17,24.6572,0,1,1,2,0,3,3,0,2,3,0,0,0.08394,0,1.56387,0,0,0,0,0,2.86927,0
18,24.6601,2,1,0,3,0,4,1,0,1,5,0,0,0.51692,0.38552,1.12625,0,3.86974,3.31404,0,1.77967,3.59688,0
19,24.6133,0,2,0,2,0,2,0,0,1,5,0,1.24982,1.54047,0,3.11976,0,3.14327,0.66597,0,1.76939,4.22875,0
20,24.6068,0,2,0,1,4,5,1,0,3,4,0,0,0.66519,0,2.37116,0,2.35714,0,0,0.16306,5.08803,0
21,24.6463,1,2,1,1,1,2,4,0,3,3,0,0,0.90202,0,1.04857,5.32155,4.28121,1.22274,0,1.78404,4.11265,0
22,24.6556,0,1,0,1,0,0,2,0,0,4,1,0.84433,2.25306,0.94528,1.47487,0.94857,1.87316,4.62173,0,2.80065,3.78708,0
23,24.6646,1,1,0,2,4,3,1,0,1,2,0,0,0.66357,0,1.14913,0,0,0.42044,0,0,3.91931,0.68091
24,24.6859,0,0,0,0,1,2,1,0,0,1,2,0.35828,0.50363,0,1.31307,2.62095,2.03835,1.10271,0,0.34853,2.76179,0
25,24.7363,0,0,0,4,2,1,0,0,0,1,0,0,0,0,0,1.29105,2.08687,0.34348,0,0,1.31346,1.91966
26,24.7351,1,2,0,0,0,6,2,1,0,1,0,0,0,0,3.05971,0.80936,1.17959,0,0,0,1.05785,0
27,24.7261,3,0,0,1,0,4,1,0,1,4,0,1.87858,1.08094,0,0,0,8.97003,2.00603,0.47435,0,0.15604,0
28,24.7016,0,3,0,1,2,0,1,0,1,5,0,2.10684,0,0,0.52783,0,4.15915,1.53806,0,1.00406,5.11096,0
29,24.7326,1,4,0,2,1,2,3,1,2,6,1,0,0.39321,0,1.54405,0.25062,0,1.41044,0,0.60628,5.10732,0
30,24.768,0,0,0,0,1,2,1,0,0,3,0,0.68663,3.05456,0,1.56858,1.47306,2.33431,2.50755,0.5957,1.42456,7.09444,0.83489
31,24.7427,2,2,0,0,1,2,3,0,0,3,2,0,0,0,0,0.39871,1.31393,1.17498,0,0,2.36334,0
32,24.7454,0,4,0,0,2,2,1,0,0,4,0,1.0851,0.78336,0,0,1.18132,2.9754,2.62575,0,0,4.43227,0.88806
33,24.7334,0,0,0,2,0,3,3,0,1,3,0,0,3.44648,0,0,1.08457,2.089,1.54131,0,0,2.07263,0
34,24.7229,1,1,0,0,1,3,3,0,0,2,1,0,0,0,1.08116,0,2.95623,3.3356,0,0.67021,3.03031,0
35,24.7213,2,1,0,1,2,0,1,0,0,6,2,1.15626,0.43806,0,0,1.24966,2.66732,2.05962,0,0,3.20542,0.32676
36,24.7136,0,0,0,1,0,0,1,0,0,1,0,1.35853,0.84419,0,1.11085,1.4638,0,1.38319,0,0,4.25604,1.95178
37,24.7087,1,0,0,2,0,2,0,0,0,4,2,0,0,0,1.28007,0,0,0.40724,0,0,1.49375,0
38,24.7104,1,3,0,0,0,1,1,0,2,2,0,1.00152,0,0,0.97311,0,2.2504,0,0,0,3.46234,0.74316
39,24.7286,1,1,0,1,0,2,1,0,1,3,1,1.71693,3.55402,0,0,0,0.90255,1.14957,0,2.83698,2.20139,0
40,24.7224,1,1,0,0,0,1,2,0,2,3,2,0.09776,0.10072,0,0.53938,0,2.84133,1.59051,0,0.04321,3.70568,0.47482
41,24.7668,0,2,0,2,1,3,1,0,1,3,0,0.33258,0.21036,0,0,0,0.18072,1.846,0,0.9891,2.70494,1.17702
42,24.7685,0,1,0,0,1,2,1,0,0,1,0,0,2.01932,0,1.76698,1.94746,4.0923,0.27621,0,0.53825,3.42803,0
43,24.7746,0,2,0,3,1,2,0,0,2,6,0,0,1.87285,0,0,0.01226,1.06972,0.36157,0,0,2.06251,0
44,24.7841,0,0,0,1,2,3,2,1,1,5,0,0,1.30163,0,2.16999,0.2436,3.04982,0,0,0.67218,7.75662,0
45,24.7852,0,0,0,0,0,1,2,0,1,3,0,0,0,0,0.88802,1.91224,2.18262,2.64154,0.75728,1.3771,5.07116,0
46,24.7728,0,3,0,1,0,0,2,0,2,2,1,0,0,0,0,0,0.9089,2.00542,0,0.49116,4.67279,0
47,24.7756,1,0,0,0,2,0,1,0,2,2,1,0,1.42974,0,0.37362,0,0,1.16272,0,0.92568,1.37837,0.19809
48,24.7792,0,1,0,2,1,0,4,0,0,5,1,0.75881,0,0,0,2.01644,0,1.94643,0,1.52086,2.54315,1.83177
49,0.0019,0,1,0,2,3,1,1,0,1,4,0,0,0.04303,0,1.38079,1.86851,0,3.41672,0,0,4.99627,0.05264
50,0.0018,0,3,1,1,0,5,3,0,0,6,3,0,0.34356,0,2.4744,1.72564,1.11456,0.78394,0,0.18468,4.0982,0
51,0.0008,2,1,0,1,0,1,0,0,3,3,0,0,3.20801,0.66938,0.40587,0,4.67578,2.62644,0,0,6.15361,2.67648
52,0.0005,1,1,0,4,0,1,2,0,3,3,1,1.96996,1.94171,0,1.84094,0,2.92549,0,0,0.49584,3.00818,0
53,0.0017,1,3,0,0,0,3,0,0,1,1,3,1.13572,1.21689,0,2.8981,0,0.41816,0.72102,0,3.09334,3.10723,0.20745
54,0.0018,0,0,0,1,0,0,1,0,0,3,0,0.85146,2.5422,0,0,0,1.91913,0,0,0.80521,2.13786,2.5773
55,0.0006,1,0,1,2,1,4,3,1,0,1,2,0,0,0,1.09814,0,0,0.12982,0,0,1.41271,0
56,0.0006,2,1,0,0,3,1,1,0,2,6,1,0.35814,0,0.26811,1.39554,0.66558,3.2161,1.17063,0.42057,0,1.43355,0.73386
57,0.0006,1,1,0,0,1,5,1,0,1,7,0,1.86982,1.05043,0,0,3.02322,1.09932,1.23648,0,2.00991,7.09395,0.92396
58,0.0018,0,2,0,1,3,4,1,0,2,4,1,0.97162,1.96314,0,0,2.48308,5.01611,0.55549,0,1.94246,7.2121,0
59,0.0005,1,0,0,0,0,2,6,0,0,4,2,0,0.81609,0,0.56298,2.86697,6.93087,1.40407,0,0.63401,4.95899,0.17577
60,0.002,4,1,0,0,0,2,0,0,1,6,0,0.10301,0,0,0,0,2.91526,7.66251,0,0,4.25992,1.9042
61,0.002,1,3,0,0,0,2,0,0,2,3,1,4.57085,1.32964,0,0,0,2.00885,0,0,1.05085,5.01828,0
62,0.0031,1,2,0,3,1,2,3,0,0,5,2,1.49165,1.4317,0,0,0,1.99183,0,0,1.79838,4.63469,0.39282
63,0.0007,0,1,0,1,1,2,2,0,1,1,0,0.25648,2.00111,0,2.90691,1.08928,2.08522,3.55273,0,0,5.94009,1.92706
64,0.002,0,4,0,0,1,1,0,0,0,2,1,0,2.04015,0,0.8266,1.36813,2.104,1.93168,0,0.28792,1.8962,0
65,0.0031,0,1,1,0,1,1,4,1,1,1,0,0,3.44867,0,0,0.44636,1.86287,0,0,0,1.37652,0.44133
66,0.0007,0,0,0,0,0,3,0,0,1,3,0,0,0.98441,0.68864,0,0.90194,0.1756,3.9788,0.61628,1.01698,1.07718,0
67,0.0005,1,1,0,0,2,3,2,0,3,6,1,0,0,0,0,0,3.0741,0,0,1.33674,3.75514,0
68,0.0007,0,1,0,3,0,3,1,0,0,2,1,0.84222,1.0058,0,0,1.53924,3.08322,0.86604,0,2.03062,5.67696,0.45765
69,0.0005,0,1,0,3,0,1,0,0,2,3,0,0,0.89589,0,3.51731,0,2.85702,0.54146,0,0,2.06045,0.90365
70,0.0022,0,3,0,3,1,1,1,0,3,4,2,0,1.05873,0,3.234,0,1.84648,0,0,0.2177,3.54159,0
71,0.0018,0,0,0,0,0,3,3,0,0,6,1,0,1.50372,0,1.70253,0.21741,1.44419,0.18003,0,1.22913,4.47479,0.7863
72,0.0033,1,1,0,0,0,3,2,0,2,3,2,0,0,0,0,0,2.28949,3.25794,0,0,5.63788,1.75394
73,0.0018,0,3,0,1,3,2,2,0,1,5,3,0.85969,0.28591,0,0,0,2.36276,2.40413,0,2.10543,4.85645,1.47241
74,0.0009,2,1,1,0,3,4,4,0,2,5,0,0,1.60029,0,0.02586,3.52072,2.15152,1.30135,0,1.69475,4.37637,2.55435
75,0.002,0,3,0,0,0,2,1,0,0,2,0,1.61878,1.7654,0.81998,0,2.18021,2.69772,2.83256,0,1.32396,5.24523,0
76,0.0031,1,7,0,1,0,4,1,0,2,2,1,0,3.1453,0,0,0,3.05684,1.07701,0,0,1.82093,0
77,0.0009,1,3,0,1,2,4,2,0,1,2,1,0.39591,1.85868,0,0.15918,0,3.64522,0.6459,0,0.46338,2.39627,0.14664
78,0.0018,1,0,0,0,0,7,3,1,1,5,1,0.48935,2.67423,0,0.94103,1.84828,4.44876,2.06945,0,1.14539,2.32403,0.71651
79,0.0033,0,2,0,0,1,3,3,2,0,3,0,0.69868,0,0,0,0,7.80824,4.09171,1.12519,0.66323,5.31096,0.99889
80,0.0018,1,2,0,0,2,4,0,1,2,5,1,0,0.20748,0,0,0.05571,3.98297,2.71466,2.10345,0,4.18456,0
81,0.002,1,0,0,3,0,1,0,1,0,7,3,1.87088,1.34146,0,0,1.16866,3.54662,0,1.78262,1.40134,5.18109,1.26186
82,0.0007,5,4,0,1,1,2,2,1,2,5,3,0.10364,0,0,3.00247,0,1.55354,0,1.0616,0,7.55191,3.80498
83,0.002,0,2,0,1,0,1,1,0,3,8,0,4.49739,0.6774,0,0.9925,0.07377,0.23414,1.62049,0.03492,1.16813,4.2705,1.07286
84,0.002,2,0,0,1,0,3,1,0,1,5,0,0,1.1926,0,1.01305,0,0.09851,0.27954,0,2.88251,8.88393,0
85,-0.0003,0,1,0,0,0,3,0,0,0,2,3,1.6199,0,0,0.86992,0,2.90599,0.81742,0,0.77302,4.74277,0
86,0.003,0,3,1,1,1,2,1,0,1,5,2,0,0.08634,0,0,0,2.7475,0,0,0,3.24424,0.15813
87,0.0017,0,2,0,1,0,5,1,0,1,5,2,0,2.27901,0.59345,1.04068,0.6116,1.76574,1.1164,0,0.62648,5.24786,1.15108
88,0.0005,1,3,1,2,1,3,2,0,3,6,3,0,3.25838,0,1.3704,0,5.40057,0.2797,0,1.0812,5.32953,2.17317
89,0.0023,0,1,0,0,0,3,1,1,2,4,2,0.13431,2.76254,0.77043,1.44996,0.06171,2.93042,2.08878,0,2.34633,6.47561,3.061
90,0.0007,0,2,0,0,1,3,2,0,3,3,2,0,2.07562,0,0,0,3.32302,1.71826,0.48875,2.58412,4.33508,3.63011
91,0.0032,0,4,0,1,0,0,2,1,0,6,0,0,1.94902,0,0,0.03826,2.85096,2.12731,0,2.73792,2.34153,0.52554
92,0.0042,0,3,0,3,2,6,1,1,1,4,0,0,0.6876,0,0.70026,0,0,0.5423,0.1158,0,6.21998,0
93,0.002,2,1,1,2,1,0,1,2,0,4,0,0,3.63738,0,3.39302,1.94921,5.34551,1.03522,1.91895,0.00524,5.09283,0
94,0.0008,1,2,0,1,1,1,1,0,2,0,0,2.92397,1.35396,0.13366,2.43204,1.93963,0,1.33365,0.11559,0,5.07891,0
95,0.0008,0,1,0,0,1,3,1,1,0,4,1,0.03908,0.16841,0,0.79602,0.03744,1.66597,0.33637,0,1.14902,0,0
96,0.0023,1,1,0,1,1,5,2,0,2,3,3,0,1.26106,0,0,1.12627,2.83635,1.23916,0.82067,0,4.62236,1.06915
97,0.002,3,6,1,3,6,3,0,1,2,4,4,1.5855,1.22094,0,0.00472,1.30991,5.67844,0.66607,0,2.26438,3.19753,3.91779
98,0.0023,2,1,0,5,0,0,4,0,3,0,1,2.81687,5.48321,0.45459,3.28826,5.37097,2.99132,0,0.58023,1.81629,3.21373,4.05569
99,0.002,2,1,0,1,0,1,1,0,0,4,0,1.77532,1.96632,0,4.38564,0,0,5.35634,0,2.41018,0,0.33248
100,0.0005,1,0,1,1,1,2,1,1,0,4,0,2.15528,0.0239,0,1.1448,0,1.37848,0.54224,0,0,4.48311,0
101,0.002,1,2,0,1,1,4,3,0,1,5,2,1.2686,0,0.37971,0.79408,1.04283,0.55622,0.22605,0.22827,0,3.09847,0
102,0.0005,0,0,0,2,0,1,0,0,1,4,0,0.48472,1.56802,0,1.99553,0.39892,4.14006,2.74887,0,1.02606,6.31461,1.78996
103,0.0008,1,4,0,0,1,1,2,0,0,2,1,0,0,0,1.00242,0,1.62977,0,0,0.6751,4.43227,0
104,0.002,0,2,0,0,2,0,1,0,0,4,0,0.3726,4.1523,0,0,0.01818,0.41703,0.51108,0,0,2.19522,0.35325
105,0.0005,0,1,0,1,0,0,3,0,1,1,0,0,1.36871,0,0,1.5346,0,1.43108,0,0,4.3591,0
106,0.002,1,5,0,1,0,2,0,0,1,6,2,0,1.58344,0,0.33193,0,0,2.52847,0,0.20629,1.43858,0
107,0.0005,1,0,0,1,1,5,3,0,1,5,1,0.72438,3.79655,0,1.28884,0,2.3817,0,0,0.38508,5.31193,0.85362
108,0.002,1,0,0,0,1,1,1,0,0,2,0,1.06083,0,0,0.38244,1.77893,4.21327,3.44866,0,0.49982,4.37444,0.73295
109,0.0017,0,2,0,0,3,3,2,0,1,4,4,0.77485,0,0,0,0.14624,0.39895,0.83433,0,0,2.53025,0
110,0.0005,2,2,0,0,0,0,3,1,1,5,1,0,0.6201,0,0,1.29312,1.42461,1.76546,0,1.01729,2.09174,1.59804
111,0.0017,0,0,0,1,2,0,3,1,0,4,0,1.04168,1.74838,0,0,0,0,4.54476,0.12317,0.8456,5.49282,0.91043
112,0.0005,0,0,1,2,0,3,1,0,0,2,0,0,0,0,0.58708,0.73694,0,2.19811,0.53374,0,4.61966,0
113,0.002,0,1,0,1,2,1,1,0,1,4,2,0,0,0.27315,2.05736,0,3.3146,1.31574,0,0,2.40254,0
114,0.0008,2,0,0,1,0,3,2,0,2,0,0,0,0.16658,0,1.31574,1.72396,0.19995,0.5569,0,1.30887,3.37035,1.75702
115,0.0016,1,4,1,5,0,1,4,0,2,3,0,1.53362,0,0,1.45433,0,2.96977,2.48984,0,2.62814,0,0
116,0.0008,1,4,0,1,1,3,2,0,0,5,1,0.44295,1.3602,0.27567,4.84678,0,0.87381,4.78077,0,1.41829,1.99696,0
117,0.0032,0,1,1,1,0,2,3,0,1,2,0,0.76346,4.72283,0,0.88853,0.13262,2.84743,2.53241,0,0,5.0556,0.74645
118,0.0016,0,2,0,1,0,1,1,0,0,3,2,0,0.91489,0.55882,1.0611,0,2.62669,2.93363,0,0.72904,2.83654,0
119,0.004,3,2,1,2,0,2,1,0,1,2,1,0,0.53004,0,0.38448,0,0.01653,0.45677,0,0,3.09896,0.96798
120,0.0008,3,0,1,5,2,3,1,2,1,1,1,2.04306,1.64866,0.63386,2.07158,0,2.89008,1.81247,0,1.31262,1.7928,1.0106
121,0.0032,3,4,1,3,2,3,3,1,0,6,4,3.2653,0,1.05373,6.10611,2.26416,2.75356,1.08738,1.82783,0.64508,1.96147,1.55433
122,0.0032,3,2,0,1,1,5,2,0,0,5,0,2.81251,4.63445,0.92994,2.38234,2.7105,4.03172,2.28626,0.77946,0,5.06112,3.5247
123,0.002,1,0,0,2,0,3,0,0,0,6,0,2.53618,1.67985,0,1.11638,0.74614,4.57042,0.7076,0,0,5.62478,0
124,0.002,1,3,2,1,1,2,1,1,3,6,3,0.96925,0,0,2.94359,0,3.41729,0,0,0,5.72175,0
125,0.002,1,2,0,1,2,2,1,0,2,3,1,1.00044,0.87804,1.03282,0.30332,1.52952,2.34934,0.35034,0.11289,0.91314,6.03315,0.79533
126,0.0024,2,2,0,4,2,1,2,0,4,4,3,1.09131,0.84544,0,1.28778,1.12456,1.40698,1.41104,0,1.71433,2.87611,1.76023
127,0.002,1,1,0,0,0,3,1,0,0,3,0,2.07405,1.77194,0,4.2273,1.97954,1.10204,2.21684,0,3.91705,4.67307,2.2011
128,0.0005,2,3,0,0,4,3,1,1,2,2,4,1.44164,1.2198,0,0,0,2.61363,0.30968,0,0,3.30489,0
129,0.0016,5,3,0,2,3,8,3,0,1,4,1,2.27184,1.61456,0,0,4.3082,3.25919,0.43406,0.68507,2.49055,0.65011,4.73612
130,0.0027,2,0,0,0,0,1,4,0,2,3,0,4.71995,2.45667,0,1.06316,2.62397,8.38944,3.10344,0,0.35464,5.06707,0.82678
131,0.002,1,1,0,2,2,2,0,0,1,5,3,1.81155,0,0,0,0,0.87358,5.11606,0,1.97089,3.34715,0
132,0.0009,2,2,1,2,0,1,2,1,1,3,3,1.7639,0.15092,0,0.82528,0.62824,1.40608,0,0,0.40684,5.55815,3.16331
133,0.0005,8,1,1,2,2,2,1,2,0,1,0,1.31841,1.35938,1.10525,2.12317,0,1.12662,1.58594,1.16115,0.84664,3.43765,2.06546
134,0.0016,2,1,4,0,0,1,0,1,2,2,2,10.24216,1.47102,1.51395,2.63921,1.78002,2.30917,0.83628,1.89998,0,0.0757,0
135,0.0009,0,1,0,0,1,6,1,1,0,4,4,1.29425,0.23566,1.25691,0,0,1.47561,0,1.03981,1.88962,3.07627,0.87004
136,0.002,0,0,0,0,0,2,0,1,1,0,1,0,0.54622,0,0,0.67945,6.41301,0.55903,0.63141,0,3.35057,3.16096
137,0.0005,2,1,0,0,1,2,1,0,0,1,2,0,0,0,0,0,1.33445,0,0.87822,0.99537,0,1.31825
138,0.0016,1,4,0,0,0,2,1,0,1,3,2,2.36657,0.10223,0,0,0.11627,2.06842,0.13565,0,0,1.16162,0.48561
139,0.002,0,2,1,0,0,3,1,0,1,4,2,1.44687,4.56384,0,0,0,1.704,0.50287,0,0.67219,3.22021,1.1171
140,-0.0002,1,0,0,0,0,3,2,0,1,7,1,0,1.48301,0.26244,0,0,3.32993,1.4126,0,1.43401,4.27337,2.76168
141,0.0005,0,1,0,1,1,7,3,0,1,3,0,0.78905,0,0,0,0,3.16435,2.19111,0,0.0886,7.49741,0.04974
142,0.002,1,1,0,0,1,1,2,0,0,3,0,0,0.60619,0,0.39523,0.679,6.36485,2.63856,0,0.50506,2.56526,0
143,0.0024,1,0,1,2,2,2,2,0,2,4,1,0.38442,0.92463,0,0,1.84804,1.56914,3.11948,0,0,3.34373,0
144,0.0009,0,4,1,0,1,5,2,0,1,8,5,0.52274,0,1.12165,1.73746,2.07398,1.4118,1.19463,0,0.35926,4.18577,1.00761
145,0.0005,2,1,0,2,0,1,4,0,2,5,0,0,3.63042,0.35878,0,0.4949,5.06017,2.85917,0,1.1164,7.53675,4.96878
146,0.0016,1,2,0,0,0,1,4,0,1,1,3,1.2714,1.86166,0,1.4431,0,2.68531,5.1905,0,2.0076,4.88651,0
147,0,0,0,1,0,1,3,0,0,2,4,3,0.74756,0.49697,0,0,0,1.07505,3.92561,0,0.96767,1.17726,0.26205
148,0.002,0,0,0,1,0,4,0,1,2,4,0,0,0,0.11656,0,0.53554,3.30977,0,0,1.84735,4.71293,1.81641
149,-0.0006,0,1,1,2,1,4,1,0,2,4,0,0,0,0,0.90651,0,3.55903,0,0.58368,2.06202,3.71488,0
150,0.0022,1,0,1,1,3,5,0,0,1,2,6,0,0.04127,0.5777,2.04314,0.0932,4.00545,0.79067,0,2.0899,3.54973,0
151,0.0009,0,2,0,2,1,1,2,1,3,3,2,0.69457,0,0.75856,1.59494,2.79386,6.58121,0,0,1.24086,3.35691,3.5745
152,0.0009,0,0,1,2,0,1,1,0,0,4,0,0,1.95324,0,0.78798,0.89472,1.29985,1.80234,0.70851,2.82231,3.84783,1.92714
153,0.0005,0,1,1,2,0,3,0,1,1,3,0,0,0,0.0104,2.32014,0,1.49444,0.86836,0,0,3.18134,0
154,0.0005,0,2,0,0,0,3,3,1,0,1,0,0,1.14505,0.50689,1.79616,0,3.1667,0,0.26206,0.39808,2.64958,0
155,26.891,0,0,0,0,0,3,0,0,0,3,0,0,1.36588,0,0,0,3.82988,2.48355,0.5775,0,1.15825,0
156,26.3375,0,0,0,0,1,0,3,0,1,3,1,0,0,0,0,0,2.02751,0,0,0,3.53957,0
157,25.9502,1,3,0,0,0,0,2,1,0,1,1,0,0,0,0,0.78493,0,4.14858,0,0.09931,2.8427,0.39439
158,25.8406,0,0,0,1,0,2,0,0,0,3,0,0.87276,2.74131,0,0,0,0,1.12377,0.84942,0,1.55584,0.82587
159,25.8,1,2,0,1,1,5,2,0,2,8,1,0,0,0,1.55022,0,1.71731,0,0,0,3.65565,0
160,25.7404,2,1,1,1,3,2,4,0,4,3,0,1.02036,0.82694,0,1.17514,0.33397,4.16481,0.99602,0,0.8324,11.18328,0.44059
161,25.6881,1,0,0,1,0,1,1,0,0,4,0,1.80733,0.61203,0.74736,0.01299,2.40777,1.90194,6.91144,0,3.44688,3.1371,0
162,25.6525,2,0,0,0,1,3,0,0,0,0,3,1.3424,0,0,0.53912,0,1.1586,0.60433,0,0,3.75514,0
163,25.6108,2,4,0,2,3,3,4,0,2,5,1,1.91532,0,0,0,0.12799,3.12887,0,0,0,0,0.34887
164,25.57,1,1,0,2,0,4,2,1,1,2,3,1.7815,4.43765,0,2.09582,2.4678,3.73681,4.24707,0,1.24818,6.61015,0.35748
165,25.5864,0,0,0,3,0,3,1,0,3,3,0,0.94037,1.28426,0,1.6817,0,4.05924,1.76288,0.90281,1.86178,3.43798,2.83623
166,25.5498,3,1,3,2,0,0,2,3,0,4,1,0,0,0,3.8568,0,1.90039,1.99375,0,1.24852,3.12778,0
167,22.9814,1,2,0,1,0,3,1,2,1,7,3,3.29383,1.11154,2.88234,2.10633,0,0,0.66207,3.17172,0,3.4877,1.45321
168,22.7483,0,0,0,1,0,1,0,0,2,7,1,1.01468,1.86326,0,0.23676,0,3.31649,0.92549,1.54116,1.08413,9.03665,2.1311
169,22.761,0,3,0,1,3,1,3,0,1,1,1,0,0,0,1.14943,0,1.59675,0,0,2.86084,7.12032,1.17658
170,22.8072,2,2,0,1,1,2,2,0,3,3,0,0,1.48338,0,1.38155,1.29339,0.50707,1.70406,0,1.28095,2.05536,0.81143
171,22.8789,0,0,0,0,1,4,0,0,0,1,0,1.66714,1.8376,0,0.07081,0.7337,1.93802,1.6423,0,2.00624,2.36822,0
172,22.9328,0,2,0,0,0,2,2,0,0,4,3,0,0,0,0,0.982,4.39687,0,0,0,1.77056,0
173,23.0069,0,1,0,2,1,1,4,0,2,3,0,0,0.79212,0,0,0,1.39446,1.4524,0,0,3.34672,1.42092
174,23.0909,1,2,0,0,1,2,1,0,1,3,0,0,1.44185,0,1.79356,1.15495,1.78946,3.36634,0,2.45208,3.24599,0
175,23.1754,0,3,1,0,2,2,2,1,1,5,2,0.44899,1.82481,0,0,0.11893,0.49845,1.7647,0,1.80905,3.2555,0
176,23.2776,2,2,0,2,0,5,2,0,0,5,0,0,1.12764,0.54861,0,1.18842,1.74778,1.67883,0.72888,0.19846,4.58644,1.13796
177,23.3763,0,0,0,0,0,4,0,0,0,3,0,1.09421,1.47634,0,1.43674,0,6.71278,1.52144,0,0,6.7254,0
178,23.4678,1,1,0,0,1,3,2,0,1,3,3,0,0,0,0,0,3.37149,0,0,0,3.05304,0
179,23.5333,1,0,0,1,1,6,2,1,0,4,1,0.19143,0.15249,0,0,0.25419,4.79367,1.48377,0,0.27873,2.88796,3.02076
180,23.63,0,0,1,1,0,2,0,1,0,5,0,0.80054,0,0,1.03713,0.75071,5.5997,1.648,1.01755,0,6.27768,0.83462
181,23.7144,1,2,0,1,1,1,1,0,0,3,1,0,0,0.6169,0.04414,0,2.38093,0,0.89271,0,4.464,0
182,23.8018,1,4,0,3,2,0,2,1,2,2,2,0.35499,2.91192,0,0.14898,0.23244,0.25643,1.0619,0,0,3.42174,0.14538
183,23.8508,0,0,0,5,0,2,1,0,0,4,0,0.77474,3.07193,0,3.7053,1.74544,0,3.28595,0.62771,0.9862,2.08596,1.24942
184,23.9282,1,2,0,2,2,3,1,0,1,2,4,0,0,0,4.65097,0,2.21259,0.50126,0,0,4.37587,0
185,23.9802,3,5,0,3,0,4,1,0,0,3,2,1.61437,0.62778,0,1.11029,0.48936,2.61592,0.54612,0,0.1125,2.3031,0.78528
186,24.0338,1,0,0,0,0,0,0,0,0,2,0,2.67451,3.8134,0,2.97759,0,4.30111,0.68219,0,0,3.32413,1.32454
187,24.0905,1,0,1,0,1,1,1,1,0,8,2,0.79329,0,0,0,0,0,0,0,0,2.40791,0
188,24.1381,1,5,0,1,1,2,2,0,2,4,1,0.74529,0,0.22272,0,0.15561,0.29766,0.05721,0.65217,0,7.06003,0.62718
189,24.1786,1,1,0,2,0,1,3,0,1,3,0,1.1721,6.04764,0,0.01829,0.67556,1.62394,1.70551,0,2.39591,7.12292,0.65033
190,24.2291,2,4,0,0,1,3,2,1,1,2,1,0.75314,1.24949,0,0.71378,0,1.62101,3.04596,0,1.82307,2.7361,0
191,24.2749,0,2,1,1,1,0,3,0,0,3,1,1.8771,0.7596,0,0,0.15678,2.8538,2.90663,0.1293,0.35364,2.55054,0.0981
192,24.3233,0,0,0,0,0,4,3,0,1,5,0,0,0.98698,0.66026,0.67994,0.71294,0,3.63446,0,0,3.36402,0.49913
193,24.3575,1,3,1,0,0,2,0,0,0,3,1,0,0,0,0,0,5.02292,2.60765,0,0.87562,3.98204,0
194,24.3939,0,1,1,2,2,3,0,0,2,5,0,0.98304,0.46242,1.00109,0,0,2.13297,0,0,0,3.17212,0.08142
195,24.4216,1,3,0,0,1,1,3,0,4,8,2,0,0.42254,0.72617,0.95722,0.91474,2.95286,0,0,0.80644,4.80094,0
196,24.4322,0,1,0,1,1,3,0,0,0,1,1,0.83149,3.34681,0,0,0.85864,1.38807,2.20708,0,3.96616,8.5377,2.06458
197,24.4603,3,0,1,1,0,2,2,0,1,5,2,0,0.48456,0,0.279,0.90687,2.24068,0,0,0,2.76667,0.13689
198,24.4896,1,1,0,1,0,3,3,1,1,2,2,3.87317,0,0.54797,1.06128,0,1.75122,1.73589,0,0.38984,6.24534,0.82372
199,24.511,1,2,0,1,0,2,0,1,1,4,0,1.71061,1.99157,0,1.14375,0,3.19732,2.89803,1.58131,1.34911,1.8154,1.91588
200,24.5287,3,1,0,1,0,3,0,0,0,4,2,0.0123,0.06345,0,0.50205,0,1.41112,0,0.0687,0.10314,4.63262,0
201,24.5491,1,1,0,0,1,4,2,2,1,6,1,3.16983,0.4205,0,0.84242,0,2.90647,0,0,0,3.65261,1.49206
202,24.5726,0,0,0,4,0,1,1,0,0,3,0,1.04321,0.86224,0,0,0.91489,4.64214,2.52165,1.06804,0.14353,5.82317,0.93106
203,24.6058,2,4,0,2,1,1,1,0,0,3,1,0,0,0,3.84388,0,1.88495,1.37567,0,0,4.01436,0
204,24.6504,1,1,0,2,0,1,2,0,0,1,2,2.7927,2.10728,0,2.07437,0.23435,1.98344,1.68957,0,0,2.05386,0.28319
205,24.6827,0,0,0,0,0,3,2,0,0,5,0,0.09684,0.7621,0,1.07681,0,0.00926,0.78122,0,0,1.26949,1.72562
206,24.705,0,1,0,2,2,2,1,1,1,2,1,0,0,0,0,0,3.43348,2.29785,0,0,5.542,0
207,24.728,0,4,1,2,2,1,0,0,0,3,2,0,0.19805,0,2.11958,1.20238,0.94024,0.61498,0.15323,0.24386,2.00314,0.52709
208,24.7262,1,0,0,0,1,2,3,0,1,2,0,0,2.92696,0.76336,2.44528,2.69101,1.00288,0,0,0,2.82777,1.8317
209,24.73,0,1,0,3,3,4,3,2,1,4,0,0.13593,0,0,0,1.48485,2.51947,3.07872,0,0.05355,3.03923,0
210,24.7437,4,2,2,2,0,4,1,1,0,8,4,0,0.05096,0,2.26987,0.81456,3.81144,3.17277,0.97492,0.15464,3.21219,0
211,24.7387,3,2,5,2,1,1,2,1,0,2,0,4.05995,1.68081,2.71534,2.00071,0,3.82537,0.30701,1.04623,0,8.63291,5.77521
212,24.7532,2,2,1,4,0,4,0,1,1,2,0,2.77191,2.73136,4.1935,2.34418,0.3093,1.76083,1.31817,1.47129,0,3.24603,0
213,24.585,1,0,0,1,1,1,4,2,1,2,4,0.95646,0.5102,1.00056,1.86724,0,2.26088,0,0.41041,0.36893,2.49384,0
214,24.4411,2,1,0,4,0,2,0,1,2,9,2,0.5191,0,0,1.51178,0.43105,1.16682,2.25364,1.60358,1.65269,1.88425,3.64116
215,24.4056,0,1,0,2,0,4,1,0,0,5,0,1.9002,1.19077,0,2.55364,0,3.01531,0,0.81285,1.09553,8.83561,1.69814
216,24.3681,0,1,0,2,1,5,4,0,1,6,2,0,0.29404,0,2.52212,0,2.54394,0.08243,0,0,5.02111,0
217,24.3733,0,2,0,1,0,1,2,0,0,3,1,0,0.71347,0,1.97421,0.22816,5.11098,3.50493,0,0.36043,5.20265,0.94976
218,24.4132,0,1,0,0,1,4,2,0,0,5,0,0,2.00621,0,0.77451,0,1.30779,2.05457,0,0,3.91966,0.8763
219,24.4653,0,2,1,2,1,5,1,0,2,4,0,0,1.98778,0,0,1.22183,3.90603,0.70856,0,0,7.11057,0
220,24.4795,0,2,0,2,1,1,0,1,2,4,0,0,1.26124,0.52498,0.21386,0.57812,5.79722,0.31627,0,1.01834,3.31682,0
221,24.5007,0,0,0,2,0,3,3,0,1,2,0,0,1.92102,0,1.41822,0.64599,2.1561,0,0.85323,1.53198,3.96397,0
222,24.5664,0,0,0,2,4,2,4,0,5,3,5,0,0,0,2.15636,0,1.89251,2.34159,0,1.74116,2.35591,0
223,24.5876,0,1,0,1,1,0,1,0,1,3,3,0,0,0,2.6038,3.84584,1.03052,3.18999,0,4.08565,1.62049,3.16685
224,24.5839,0,0,1,1,2,0,2,0,1,7,0,0,0.65637,0,0.14162,1.06231,0,1.42263,0,1.66879,3.43719,2.43027
225,24.591,0,6,0,1,0,3,1,0,3,4,3,0,0,0.86939,1.02634,1.75393,0,1.99172,0,0.1528,6.29791,0
226,24.6351,0,4,0,0,3,4,6,1,2,3,2,0,2.48964,0,0.96094,0,2.58688,0.50314,0,2.43161,4.02218,1.06473
227,24.6581,0,1,0,1,0,1,0,0,1,8,0,0,4.06595,0,0,2.48256,4.04618,8.36747,0.20334,1.7949,4.4651,1.8099
228,24.6954,3,2,0,2,1,0,0,1,1,0,1,0,2.63246,0,1.33446,0,1.19099,0,0,1.21809,8.41053,0
229,24.7443,3,1,0,1,1,2,2,0,2,6,3,3.11252,0.8388,0,1.30394,0.2593,0,0,0.27007,0.5474,0,0.25141
230,24.7908,1,1,0,0,0,3,1,0,0,2,0,2.17521,1.4624,0,0.70539,0.46206,2.92772,2.75373,0,1.80852,5.28284,2.54493
231,24.7225,3,1,0,1,1,2,1,0,1,4,2,1.07341,0.27424,0,0,0,3.22605,0.31218,0,0,2.94379,0
232,24.6877,0,3,0,2,2,3,2,0,1,5,1,2.84804,0.52726,0,0.34414,0.41839,1.1848,1.0007,0,0.24895,4.64994,0.48356
233,24.7192,1,1,1,1,0,2,2,0,0,1,0,0,3.02095,0,2.43529,1.4736,3.04153,2.12756,0,0.65112,4.4168,0.71907
234,24.735,1,2,0,1,0,2,2,1,0,4,0,1.03279,2.24745,0.48383,0.58524,0,2.3479,2.5341,0,0,0.28793,0
235,24.7328,1,3,1,1,1,2,4,0,1,4,1,0.18768,1.58408,0,0.24922,0,2.46997,2.43381,0.22777,0,4.66785,0
236,24.8013,1,0,0,2,0,2,0,0,0,5,0,0.36426,2.37042,0.40716,1.95335,0.73116,1.38186,3.96723,0,0.8709,5.6806,0.72942
237,24.881,1,0,0,0,0,2,3,1,2,5,0,1.20181,0,0,0.09222,0,2.08316,0,0,0,5.46984,0
238,24.9258,2,1,0,0,1,2,2,0,0,4,2,0.68954,0,0,0,0,1.24804,2.56751,0.27706,1.10437,4.2582,0
239,24.9984,4,2,0,2,1,3,1,0,0,5,2,2.89464,1.94432,0,0,0.49689,2.96403,1.53532,0,0,3.92724,1.25982
240,24.964,1,1,0,5,0,3,2,1,1,2,0,4.03745,1.31577,0,2.79929,0.98984,3.00422,1.00915,0,0,5.2955,1.75336
241,24.9989,2,1,1,1,1,1,1,1,5,4,1,0.32579,0.13268,0,4.35992,0,2.42321,3.03754,1.03956,0.11368,2.74052,0
242,25.0326,0,3,0,0,1,3,2,0,3,2,4,1.49556,0.48483,0.25338,0.27458,0.49881,1.24289,0.73073,0.56129,3.58185,5.09042,1.04684
243,25.0677,2,1,0,1,1,3,2,0,1,4,1,0,5.45953,0,0,0.85556,3.00701,2.76499,0,3.13124,2.44811,4.23787
244,25.0959,2,1,1,1,2,3,3,0,1,3,1,2.17996,0.17369,0,0.52054,1.13922,2.95968,2.08468,0,2.48416,4.03124,1.14695
245,25.1173,2,2,0,1,1,1,2,1,0,8,1,1.65921,0.38346,0.36177,1.01108,0.74736,1.60655,1.81234,0,0.42878,3.1848,0.23883
246,25.1516,0,0,1,2,0,1,1,0,0,4,0,1.35724,1.60108,0,1.43461,0.54827,1.07323,2.10908,0.03587,0,7.59207,0.82334
247,25.1866,0,2,2,2,1,1,4,1,1,5,0,0,0,0.15868,1.92202,0,1.9312,2.02831,0,0,5.2474,0
248,25.2103,2,1,0,3,1,2,0,0,0,2,1,0,0.28056,0.52308,2.06741,0.05736,0.08862,3.38807,0.276,0.22218,4.38674,0
249,25.24,1,0,0,2,1,2,2,1,0,7,0,0.7714,0.58664,0,2.75842,0.61121,1.71412,0,0,0,2.7716,0.71444
250,25.2576,3,1,0,2,1,2,1,0,6,2,2,1.643,0,0,2.8805,1.00834,3.11518,1.16348,0.24832,0,6.26353,0
251,25.2767,2,1,0,2,0,0,1,1,1,4,3,2.04097,0.21882,0,0.7544,0.98636,0.84962,1.32019,0,5.22449,2.29144,0.58674
252,25.3049,1,1,0,0,2,0,1,0,1,1,0,2.33436,0.51716,0,1.48276,0,0,1.39906,0.61676,1.70819,5.31706,2.7366
253,25.2881,1,2,0,1,0,1,3,1,0,3,1,1.61739,1.01349,0,0,1.17284,0,0.12698,0,0.28442,1.61514,0
254,25.3087,1,1,0,1,0,1,3,0,2,5,0,0.14632,0.47583,0,0.20448,0,0.08526,1.05804,0.43113,0,3.21753,0.16896
255,25.3163,1,0,0,0,1,1,0,0,0,4,0,0.77273,0.68885,0,0.66206,0,0.81623,1.91562,0,1.62352,5.45966,0
256,25.311,2,1,0,1,1,3,0,0,1,3,1,1.11844,0,0,0,1.05172,1.31872,0,0,0,4.53004,0
257,25.314,1,1,0,2,0,1,1,1,0,2,3,1.53765,0.1302,0,1.16078,0.09409,2.19337,0,0,0.65367,2.61228,0.16233
258,25.3309,0,1,0,3,1,1,0,0,1,2,0,0.64931,1.02453,0,0.51479,0,1.79203,0.23738,0.75263,0,2.17976,1.77315
259,25.3171,1,1,0,0,1,1,1,0,1,6,1,0,1.86395,0,2.11512,1.47263,1.16124,0,0,1.35068,3.00406,0
260,25.3263,5,1,0,3,1,4,2,1,1,8,2,1.23139,0.13236,0,0,0.20754,1.27046,0.35877,0,0.29715,4.80102,0.13167
261,25.3353,0,0,0,1,0,2,0,0,1,2,0,4.67724,0.62834,0,2.68703,0.6101,3.50261,1.37968,0.62171,1.09672,7.66376,1.39696
262,25.3644,1,1,0,2,4,3,1,0,1,4,1,0,0,0,1.36189,0,3.0065,0,0,1.19812,2.30118,0
263,25.3851,1,7,0,3,2,2,1,0,0,7,3,1.41366,1.06987,0,0.49275,4.15444,3.27728,0.39471,0,0.28782,4.73534,0.14535
264,25.3683,1,0,0,0,1,6,0,0,1,4,0,0.43597,6.24719,0,1.77423,1.64663,2.12346,0.69668,0,0,6.81213,1.96791
265,25.3582,3,0,0,1,0,3,3,0,0,1,0,1.47703,0,0,0,0.33247,6.20375,0,0,0.94525,3.71958,0
266,25.3438,2,0,1,0,1,2,2,1,0,5,3,2.25168,0,0,0.43401,0,4.60886,2.40205,0,0,1.67194,0
267,25.3339,1,1,0,2,0,1,0,0,0,3,0,1.70757,0,0.71984,0,0.11999,1.23656,1.39606,0.67613,0,5.69717,2.03838
268,25.3428,1,3,0,1,0,2,1,0,0,3,0,1.10482,1.39885,0,2.12863,0,1.63976,0,0,0,2.37125,0
269,25.3417,1,3,2,3,1,1,2,1,0,3,3,0.20958,1.62372,0,0.3139,0,0.36837,0.04752,0,0,2.12256,0
270,25.3508,2,0,0,2,0,1,0,0,0,5,0,1.98302,2.11551,1.42246,1.87602,0.64478,1.29949,1.12982,0.66338,0,3.50195,1.97799
271,25.3477,2,1,0,1,1,4,1,0,3,4,1,1.63547,0,0,2.98924,0,1.44594,0,0,0,4.92089,0
272,25.337,2,1,0,0,1,4,2,1,2,3,2,0.92582,0.10896,0,0.00549,0.11613,3.66055,0.03765,0,3.18458,4.29367,0.11295
273,25.3295,0,0,0,2,1,3,1,0,0,7,1,1.86298,0.53978,0,0,0.77105,3.10249,1.71148,0.48596,2.587,3.47394,1.19974
274,25.3141,0,4,1,2,0,3,2,0,1,2,0,0,0,0,1.0581,0.97774,3.08802,1.75493,0,0,6.60635,0.94933
275,25.3014,1,1,0,1,0,0,0,0,0,6,2,0,3.33058,0.10908,1.95695,0,2.97873,1.78308,0,0.09273,3.22629,0
276,25.3099,4,2,1,5,1,0,0,1,0,4,1,1.10825,0.59383,0,1.20098,0,0,0,0,0,7.07603,2.0176
277,23.358,1,3,0,0,1,8,3,1,1,3,2,3.73893,2.4413,0.90331,4.41373,1.32177,0,0,1.06745,0,3.40527,1.76617
278,23.165,0,2,0,0,0,1,3,1,0,6,2,0.90991,2.45017,0,0,0.25797,6.16851,3.09052,0.59122,0.82095,2.8693,0.07624
279,23.1838,1,1,0,0,0,2,1,0,0,6,0,0,1.81022,0,0,0,0.68027,1.93402,0.59279,0,6.32813,1.36582
280,23.2377,0,3,0,1,4,2,1,0,1,5,1,0.5587,1.94469,0,0,0,2.98044,1.43277,0,0,6.41271,0
281,23.3047,1,3,0,2,2,3,2,0,1,3,0,0,0.41064,0,1.9847,3.63305,1.41773,1.21319,0,0.15069,6.56555,0.07731
282,23.3779,0,1,0,1,1,3,1,0,0,6,0,0.59606,1.8339,0,0.10221,1.09239,2.64064,1.50512,0,0.76589,3.68096,0
283,23.4592,1,1,0,1,0,4,2,1,1,1,0,0,1.3786,0,1.00017,0.50548,3.91007,1.6944,0,0,7.94545,0
284,23.532,1,0,0,1,1,3,1,0,1,2,1,1.66674,0.4401,0,1.08041,0,3.51851,0.41914,0.01443,1.08044,0.34492,0
285,23.6433,1,0,0,1,0,1,4,1,0,3,0,0.17242,0,0,0.80338,0.61346,3.19915,1.09956,0,0.13907,1.63742,0.62909
286,23.7499,1,3,0,3,0,2,3,0,2,5,2,0.43621,0,0,1.60418,0,2.05685,4.26449,0.57391,0,3.81773,0
287,23.8253,0,0,2,1,1,0,2,1,1,4,3,0.8931,0.87309,0,2.47631,0,1.58678,3.52647,0,0.60546,5.22519,0.48102
288,23.9266,3,0,0,0,0,2,1,0,0,3,0,0,0,1.40242,0.93932,0.71528,0,2.47769,0.63758,0.33452,3.80652,2.49351
289,24.0149,3,2,0,1,2,3,4,1,2,4,2,2.46526,0,0,0,0,3.31419,1.64003,0,0,4.53511,0
290,24.0947,0,2,0,0,3,2,3,1,0,4,2,2.2162,2.15581,0,0.38148,0.3729,1.60073,3.34129,0.29838,1.03968,4.5599,0.45408
291,24.1372,1,0,0,2,0,0,0,0,0,5,0,0,1.18484,0,0,1.97187,1.10734,2.1269,0.72206,0,3.71548,1.29142
292,24.1989,1,0,0,3,0,5,1,1,0,4,2,1.21924,0,0,1.54446,0,0,0,0,0,5.111,0
293,24.2584,0,1,0,1,1,1,2,0,1,2,0,0.55212,0,0,3.84958,0,4.46773,1.01026,0.07332,0,3.91367,0.16566
294,24.3289,0,1,1,0,0,2,2,0,0,1,1,0,0.53108,0,0.62584,0.17501,1.33294,2.47601,0,0.38621,2.34331,0
295,24.3908,0,0,0,1,0,3,1,0,2,3,1,0,0.7594,0.87436,0,0,2.2057,1.31548,0,0,1.13651,1.8866
296,24.4439,1,1,1,1,0,3,2,0,2,4,0,0,0,0,0.09423,0,2.54474,1.90873,0,0.37152,3.07832,0.05208
297,24.4543,2,2,1,1,1,1,4,2,1,1,1,0.21272,0.64355,1.00655,0.53201,0,2.9893,2.0141,0,0.45622,2.683,0
298,24.5037,1,1,0,0,0,1,1,0,0,4,0,2.03706,1.62974,0.91216,0.59659,0.80392,1.46866,3.63082,1.66928,0.83158,1.4833,0.82342
299,24.561,3,1,0,2,0,2,1,0,4,4,2,1.54183,1.08509,0,0,0,1.23244,0.95826,0,0,3.91289,0
300,24.6193,1,0,0,2,1,2,2,1,0,2,2,2.58899,0.8473,0,1.64205,0,0.50332,1.21697,0,3.64048,4.89682,0.9685
301,24.6758,2,0,0,2,0,2,0,0,0,3,0,1.89271,0,0,1.82951,0.83449,1.73591,1.25138,0.6415,0,2.34768,1.5617
302,24.7279,1,1,0,3,0,2,2,2,1,1,2,1.0888,0,0,2.16318,0,2.62141,0,0,0,2.55268,0
303,24.7398,2,1,0,1,0,4,0,1,0,7,1,1.07835,0.13187,0,2.62392,0,2.28351,0.88216,1.21124,0.02591,1.31918,0.44788
304,24.7768,3,2,0,1,1,1,0,0,0,4,1,2.26468,0.65908,0,1.53387,0,3.96394,0,0.98268,0,7.51092,0.66301
305,24.8033,3,0,1,2,0,0,3,0,1,4,0,3.69417,1.96428,0,0.28184,0.95154,0.74871,0,0,0,3.52186,0.95547
306,24.8268,1,1,0,3,0,5,0,0,0,6,1,2.44133,0,0.04331,2.86665,0,0,2.03271,0,0.48638,5.64144,0
307,24.8488,2,3,0,0,0,0,4,0,4,5,1,1.39947,0.61288,0,2.17807,0,2.6963,0,0,0,7.35744,1.08401
308,24.8714,0,0,1,3,0,3,2,0,1,2,2,1.75068,2.92833,0,0,0,0,3.31322,0,4.39404,4.35545,1.40868
309,24.8975,1,3,0,3,1,4,3,0,3,1,2,0,0,0.07289,3.11501,0,2.63138,2.2764,0,0.60145,2.1026,0.15523
310,24.9297,1,2,0,2,2,3,2,1,0,6,2,0.39682,1.64379,0,1.49742,0.35161,5.38784,2.42315,0,1.53714,1.659,1.20548
311,24.9568,0,0,0,1,1,0,1,0,0,1,2,0.46596,1.815,0,1.3275,1.97643,2.2027,2.44376,0.32067,0,6.39603,2.68282
312,24.9843,3,1,1,3,0,1,0,0,0,3,1,0,0,0,1.86546,0.97576,0,0.7602,0,0,1.23412,1.00664
313,24.984,0,2,0,1,0,2,4,0,1,3,2,2.6366,0.43372,0.37948,1.52024,0,1.1792,0,0,0,3.2292,0.45805
314,24.9883,1,0,0,0,0,1,0,1,0,3,2,0,1.72362,0,0.32568,0,1.5725,3.85044,0,0.92052,2.98466,2.41148
315,25.0081,3,4,0,3,1,3,2,1,2,4,3,1.00859,0,0,0,0,1.30371,0,0.03584,0,3.15263,1.06712
316,25.0226,4,0,0,0,0,2,2,2,2,1,1,2.56088,2.02444,0,3.26245,0.41917,1.40626,2.29712,1.56939,1.44467,5.10587,1.55163
317,25.0375,2,1,0,0,1,1,1,0,0,2,1,4.44203,0,0,0,0,2.04734,2.16172,1.74251,1.60938,1.50972,1.89028
318,25.0407,0,1,0,4,1,3,1,0,1,10,0,1.95166,1.11438,0,0,0.04277,2.02708,0.27328,0,0,1.51401,0.1027
319,25.0401,0,1,0,1,0,5,0,1,0,4,1,0,0.66089,0,5.12461,0.55918,2.86008,0.46975,0,0.54001,11.0896,0
320,25.059,1,1,0,1,1,2,1,1,0,0,0,0,1.83851,0,2.75884,0,6.0751,0,1.10308,0,4.02064,0.82314
321,25.0492,3,2,0,2,1,3,0,3,3,3,0,1.03815,0.06772,0,1.37031,0.09062,2.20122,0.04097,1.37763,0,0,0
322,25.188,2,4,2,1,1,4,3,0,0,3,2,3.27838,0.77306,0,1.28376,0.29863,2.65383,0,2.16426,2.75772,1.84313,0
323,25.0964,2,1,0,1,0,1,1,0,1,6,0,1.62143,4.56287,1.05192,1.00052,0.96039,3.77209,2.89028,0,0,3.67841,1.95204
324,25.0247,2,3,0,4,2,0,3,0,0,3,0,2.10923,0.16825,0,1.92481,0,0.78519,0.13329,0,0.0383,6.37812,0
325,24.9983,0,0,0,3,1,2,2,0,1,3,1,1.56607,3.55636,0,2.90823,2.80515,0,1.53048,0,0,2.21794,0
326,25.0269,0,1,0,1,2,1,2,0,1,6,0,0,0,0,2.13887,0.14949,2.99956,2.3781,0,1.04368,3.82644,0.93996
327,24.9934,2,1,1,0,1,2,6,1,5,3,2,0,0.08459,0,0.7997,2.12052,0.00042,3.30344,0,1.75834,7.3574,0
328,25.0224,1,0,0,1,3,3,6,0,0,7,3,0.80702,0.71587,0.31567,0,1.60589,2.54587,6.18391,0.53578,3.14084,3.04333,0.64376
329,25.0432,1,1,0,2,0,1,1,0,0,2,0,0.56913,0,0,1.05341,2.47968,2.9081,5.72324,0,0,7.27964,2.65176
330,25.0677,2,3,0,0,1,3,0,0,0,1,1,1.06503,0.16445,0,1.39168,0,1.17369,0.64065,0,0,3.47558,0
331,25.1093,2,0,0,2,0,0,1,0,2,4,1,2.44183,1.19316,0,0,0.2773,0.69042,0,0,0,1.57197,0.72406
332,25.1546,0,1,0,0,0,0,1,0,2,2,0,0.984,0,0,1.96128,0,0,0.68322,0,2.42368,4.27483,0.90426
333,25.2024,1,3,0,3,1,6,1,0,1,4,1,0,1.40678,0,0,0,0,1.35026,0,1.25594,1.91848,0
334,25.2431,1,3,0,1,0,0,2,0,1,2,2,0.03022,2.17605,0,3.28673,0.29581,5.03846,0.38606,0,0.67796,3.95002,0.16282
335,25.295,0,0,0,4,0,3,0,1,0,5,0,0.84084,2.42694,0,1.76302,0,0,1.81296,0,0.95835,2.82526,1.68492
336,25.3041,1,0,0,3,1,3,0,1,1,3,2,0,0,0,2.07716,0,4.22437,0,1.01256,0,5.64601,0
337,25.3133,0,4,0,0,2,4,3,0,1,6,4,0.2299,0,0,2.45739,1.01244,3.30223,0,0.48666,0.33034,3.27304,0.78098
338,25.3143,0,0,1,1,1,0,0,0,0,4,0,0,3.72156,0,0,1.85886,3.47936,2.85759,0,0.78798,6.57678,3.93756
339,25.3249,2,3,0,1,0,5,1,0,3,5,1,0,0,0.67529,0.44834,0.2779,0,0,0,0,4.09479,0
340,25.3306,4,4,0,2,0,3,2,1,0,5,0,1.4387,0.97977,0,1.91727,0,6.17276,1.29955,0,2.24724,6.02614,0.26014
341,25.3112,0,1,0,2,0,3,1,0,1,4,0,3.15264,4.42141,0,1.90012,0,3.93682,1.26234,0.76908,0,4.63085,0
342,25.3305,3,1,0,0,1,8,3,0,2,1,0,0,2.07946,0,1.1711,0,3.24202,1.41084,0,1.18731,4.28434,0
343,25.364,3,2,0,0,3,3,1,0,1,3,0,2.71639,0.16225,0,0,0.00829,7.52186,2.31409,0,0.67146,1.88835,0
344,25.3733,2,0,0,4,1,2,3,1,0,5,0,2.84704,1.43016,0,0,3.13702,3.37606,1.43787,0,0.83325,2.88222,0
345,25.3785,3,1,0,1,3,0,4,0,1,7,1,2.2076,0,0,4.08475,1.94919,1.90156,2.87118,0.28586,0,5.37326,0
346,25.3818,1,2,1,0,2,0,3,1,0,10,4,2.87431,0.18946,0,1.13638,3.484,0,4.23341,0,0.59011,6.64677,1.20098
347,25.3936,1,0,0,5,0,2,2,0,1,1,1,0.74511,1.31958,0.74391,0,1.08017,0,3.04583,0.66519,0,11.76603,3.6804
348,25.4094,0,2,1,0,2,3,0,0,4,2,0,0.86792,0,0,4.00606,0,2.15395,1.19957,0,1.28441,1.3088,0.67151
349,25.4256,3,3,0,5,0,4,1,0,1,7,0,0,0.30764,0.03376,0,0.13022,3.72527,0,0,4.21525,2.70132,0
350,25.4624,2,1,0,1,0,2,2,1,3,1,1,2.13398,2.29311,0,2.9022,0,3.81947,1.07903,0,1.50728,8.09735,0
351,25.4805,2,6,0,3,0,0,1,0,0,4,1,0.3435,1.88325,0,1.13297,0,1.29854,1.54456,0.9863,2.84271,1.91651,1.43654
352,25.5019,3,3,0,4,0,2,1,0,1,3,3,2.04821,1.25146,0,3.07009,0,0,1.06353,0,0,3.08626,0.0095
353,25.5136,1,1,0,0,0,1,0,0,1,1,1,2.25694,1.94679,0,2.79684,0,1.6013,0.74027,0,0.60219,2.69574,5.03639
354,25.5271,3,0,0,3,1,1,2,0,0,2,1,1.9796,0.89963,0,0,0,0.5594,0,0,0.93686,1.43766,0.0926
355,25.5356,0,1,0,0,0,4,1,1,1,7,2,2.61787,0,0,2.24517,0.41635,1.18532,0.82502,0,0,1.61941,1.33744
356,25.56,1,1,0,1,0,1,2,0,0,3,0,0,0.10893,0,0,0,3.41441,1.24773,0.89046,0.47355,7.5386,1.44996
357,25.5526,0,0,0,1,0,2,1,0,1,3,0,0.96863,0.86279,0,1.00261,0,1.2825,2.51821,0,0,2.2184,0
358,25.5215,1,4,1,1,1,1,1,0,2,2,1,0,0,0,1.0277,0,2.32323,0.08397,0,0.00802,2.79777,0
359,25.5336,0,0,1,3,1,4,1,1,1,3,1,0.39174,2.211,0.13329,1.12577,0.4563,0.71187,0.24264,0,0.92706,3.24135,0.4065
360,25.5685,3,1,0,4,0,1,0,0,0,6,2,0,0,0.55967,3.51574,0.83891,3.92111,0.85667,0.81476,0.96002,2.97649,1.12933
361,25.5682,1,2,1,2,2,4,3,0,3,6,2,2.71146,0.02107,0,4.41253,0,2.64525,0,0,0,7.14413,0.68052
362,25.5406,2,3,0,1,1,3,0,0,1,7,1,1.70213,0.9999,0.43131,1.40229,0.9204,2.74408,1.74123,0,1.52037,5.39906,0.95322
363,25.5187,1,0,0,3,2,2,0,0,1,2,0,1.9235,2.82777,0,1.0644,1.01615,3.547,0,0,1.26025,7.25323,0.85379
364,25.4749,1,0,0,3,1,4,1,0,1,6,3,1.29705,0,0,4.18012,2.04501,1.59607,0,0,0.58413,3.84854,0
365,25.4426,0,2,0,2,0,4,1,0,3,6,0,0.34926,0,0,1.92273,1.25783,3.39276,0.29475,0,1.09078,7.69636,1.93653
366,25.4223,3,1,0,0,1,2,3,0,0,5,1,0,2.76404,0,1.0426,0,4.11657,0.66359,0,2.61546,6.54145,0
367,25.3929,2,2,0,3,0,2,1,1,2,2,0,3.6164,0.13755,0,0,0.95701,2.85567,3.00063,0,0,4.15536,0.97816
368,25.3953,4,1,1,2,1,4,5,0,0,0,2,2.58223,0.57432,0,3.08036,0,1.98497,2.35494,0.17325,1.37706,2.57887,0
369,25.458,3,0,0,0,0,5,0,0,0,1,0,3.65919,0.73382,0.69209,1.31283,0.6236,4.99639,4.79141,0,0,0,1.46422
370,25.472,4,4,0,2,1,2,1,1,0,5,1,3.88421,0,0,0,0,4.81587,0,0,0,0.11503,0
371,25.4827,1,0,0,3,2,2,2,0,1,3,0,2.87116,0.7572,0,1.10846,0.17271,2.02404,0.75774,0.49737,0,5.16507,0.16044
372,25.4926,0,0,0,4,0,2,1,0,0,1,0,0.68882,0,0,3.1002,1.26982,1.7546,2.07227,0,0.60539,2.37028,0
373,25.5032,2,1,0,0,0,1,0,0,1,3,0,0,0,0,3.17718,0,1.71658,1.67412,0,0,1.46009,0
374,25.5036,1,3,3,1,0,4,1,2,0,4,1,2.3593,1.00418,0,0,0,1.14592,0,0,0.18702,3.67315,0
375,14.8175,4,1,0,1,0,4,1,0,0,5,1,0.07933,3.25941,2.94315,1.263,0,4.4753,1.0458,1.36676,0,3.36738,1.54466
376,13.5233,4,5,0,3,1,1,0,1,0,4,1,4.46964,1.13654,0,1.07527,0,4.02878,0.17061,0,0,5.24523,1.20991
377,13.4637,1,0,2,0,4,3,2,0,0,4,3,4.37021,0.91005,0,1.55034,1.14582,0.70114,0,0.47823,0,3.43599,0.18959
378,13.4751,1,1,0,4,1,1,1,0,0,1,0,1.06111,0,1.04308,0,2.87298,1.99185,1.45906,0,0,4.08295,1.92471
379,13.6679,3,2,1,0,0,0,2,1,1,2,1,1.90787,1.94183,0,2.5624,0.95461,0.86086,1.61392,0,0,1.23166,0
380,13.9421,1,2,0,2,2,5,3,0,2,0,3,2.21333,0.61425,0.77445,0,0,0,1.23279,0.62283,1.24359,1.5228,0.17001
381,14.232,0,3,0,1,0,2,2,1,0,1,0,0.27238,1.18,0,1.85505,1.15768,4.57624,2.33444,0,0.93856,0,2.11407
382,14.5682,0,2,0,2,0,2,0,1,1,7,1,0,3.16251,0,1.10119,0,2.03764,1.95104,1.01931,0,1.3615,0
383,14.9282,0,1,0,0,2,2,2,0,1,4,0,0,3.70819,0,1.62143,0,2.86367,0,0.59192,0.47979,6.70348,0.07281
384,15.2688,1,2,0,3,3,1,4,0,2,4,1,0,0.53813,0,0,0.85162,1.42241,2.22888,0,1.02048,6.01063,0
385,15.6279,0,0,0,1,0,0,0,0,0,3,0,0.65899,1.78544,0,2.98209,2.80497,0.78583,4.77139,0,1.72796,4.03529,0.86224
386,16.017,1,2,0,0,2,4,1,2,0,2,1,0,0,0,1.31576,0,0,0,0,0,3.67044,0
387,16.3911,1,3,0,0,0,4,0,1,1,2,0,0.25289,2.10029,0,0,0.43036,3.976,0.42776,0.75592,0,0.9646,0.27122
388,16.7383,2,0,0,1,0,4,1,0,0,4,0,1.85343,2.5051,0,0,0,3.31796,0,0.73378,0.71146,2.04869,0
389,17.0829,2,1,0,2,1,2,1,1,3,4,2,0.99389,0,0,0.24396,0,4.66646,0.05721,0,0,4.00749,0
390,17.3888,0,2,2,0,2,0,1,0,1,8,1,1.94086,1.12701,0,1.15318,0.08792,1.9471,1.1718,0.95687,2.27262,6.05449,0.6238
391,17.6556,2,1,0,6,0,1,4,0,1,3,1,0,1.45601,0.90008,0,1.4171,0,1.67376,0,0.81762,7.28472,0.42073
392,17.9554,0,0,1,2,2,4,0,0,1,2,1,0.66294,0.8964,0,9.00442,0,1.00832,3.10631,0,1.09358,3.11223,1.08829
393,18.2462,5,2,1,1,1,6,5,1,1,1,3,0,0,0.03308,2.91794,0.19804,3.82407,0,0,1.29403,0.64541,1.45487
394,18.5141,0,3,0,3,2,2,0,0,2,7,2,4.26669,0.64718,0.2632,1.53011,0.4591,8.31812,4.23714,0.40957,0.43014,1.45483,1.3175
395,18.8047,1,3,0,1,0,4,0,0,1,1,0,0,3.57579,0,2.98084,1.88856,2.09857,0,0,2.56073,6.25346,1.94556
396,19.0492,2,3,0,2,2,4,1,0,0,6,1,0.44951,2.4757,0,1.74153,0,3.6941,0,0,1.21873,1.62855,0
397,19.2765,4,1,1,3,2,2,0,0,1,4,1,2.71798,2.36967,0,0.30576,1.72236,5.15517,0.33229,0,0,5.17558,0.26803
398,19.4958,0,0,0,3,0,0,0,0,0,3,1,3.65349,0.88518,0.3588,3.98315,1.90218,2.51491,0,0,0.59247,5.01531,0.60276
399,19.732,2,2,2,2,0,2,6,1,3,2,1,0,0,0,2.19956,0,0,0,0,0,3.82392,1.31056
400,19.9169,2,3,0,3,2,0,1,0,0,4,2,2.20133,0.71246,0.60416,2.69037,0,0.69398,6.14397,0.26347,1.64064,2.63803,0.68126
401,20.0606,0,1,0,2,2,1,1,0,0,3,0,1.88887,1.7325,0,3.06036,2.59709,0,0.68312,0,0,4.50717,1.37874
402,20.2577,3,0,0,1,2,4,1,0,3,4,1,0,0.97856,0,1.44487,2.32504,1.04343,1.97091,0,0,3.98839,0
403,20.3135,0,2,1,1,1,3,0,1,2,8,1,0.92865,0,0,0.5762,0.16563,4.02319,0.01292,0,2.25227,2.77552,0.12025
404,20.5091,4,5,0,1,0,2,0,1,0,5,1,0,1.01406,0.52158,0.4779,0.75456,2.50373,0,0.05694,1.79775,7.03212,1.20787
405,20.6487,1,0,0,1,0,2,1,0,1,1,0,5.36974,4.9273,0,1.02408,0,2.01333,0,0.96458,0,2.9092,0.09875
406,20.8069,1,2,0,4,2,3,1,1,0,4,2,1.50383,0,0,1.32851,0,2.82887,0.1141,0,0.6856,1.46859,0
407,20.9048,2,2,1,1,0,5,4,0,3,5,0,1.01637,0.8418,0,3.15677,1.04658,3.13379,1.36375,0.2463,0,4.54958,0.83796
408,21.0454,0,0,0,4,2,2,1,0,1,3,1,1.89016,1.4911,0.79355,1.71727,0,4.8427,3.09205,0,2.31648,4.18471,0
409,21.1626,1,2,0,1,0,6,3,0,0,5,1,0,0,0,3.96239,1.92062,2.96632,1.05205,0,0.95416,3.43724,0.61081
410,21.2984,2,3,0,3,1,2,1,0,0,2,1,1.0853,0.4512,0,1.43225,0,4.67628,2.11481,0,0,4.21761,1.49194
411,21.4244,2,1,0,2,0,1,0,1,0,1,0,1.98403,2.34317,0,3.19294,0.52721,1.95841,0.30422,0,0,2.56515,0.46954
412,21.5356,4,5,1,1,0,6,5,0,1,4,4,2.04207,1.85429,0,0.7481,0,1.70527,0,0.2053,0,0.02454,0
413,21.6604,3,1,0,0,0,0,0,0,1,1,3,2.77324,0.86364,0.04074,0.76206,0,5.98987,4.19962,0,0.87267,4.10153,3.08112
414,21.7428,7,1,4,1,3,0,0,1,2,2,2,2.6739,0.63839,0,0,0,0,0,0,1.36563,1.82096,2.18774
415,22.1571,1,4,2,4,0,0,2,3,1,1,1,6.29963,1.66049,4.29606,1.59826,2.58465,0,0,1.7138,1.56829,1.71221,2.05005
416,22.1226,2,1,1,2,4,2,2,0,0,2,3,1.1161,4.30974,2.24721,3.35577,0,0,1.1967,2.19768,0.64317,1.10605,1.77937
417,22.0102,3,1,0,3,0,3,1,1,1,4,1,2.0372,1.24791,0.58511,2.42605,1.59704,2.25588,1.22893,0,0,2.90982,1.49069
418,22.1048,3,1,0,2,0,1,0,1,0,3,1,4.2875,1.65267,0,3.73981,0,2.2133,0.95963,1.98246,0.83527,3.85304,1.24631
419,22.1689,2,2,0,4,1,4,3,0,1,4,1,3.09622,1.13592,0,0.70537,0,1.34233,0,0.00456,0,3.05851,1.36163
420,22.217,3,4,0,1,1,6,2,1,2,4,0,2.42288,0.36514,0,3.52988,0.12647,4.43728,0.92805,0,0.15911,4.67859,0.14273
421,22.3314,0,0,0,0,0,2,1,0,0,5,0,2.88767,2.86588,0,0.98155,0.63787,5.66041,1.20596,0.59935,1.46822,3.54263,0
422,22.4224,0,1,0,2,1,3,1,0,1,2,0,0,0,0,0,0,3.79417,1.02692,0,0,5.01827,0
423,22.5546,1,3,0,2,2,3,0,0,1,6,1,0,0.19388,0,1.5571,0.21581,2.66391,0.57805,0,1.98917,3.69967,0
424,22.6651,2,1,1,2,2,3,0,0,2,2,1,0.01156,1.57098,0,1.356,1.19762,3.52842,0,0,0.0053,5.50372,0.5641
425,22.7581,0,0,0,3,0,2,1,0,0,1,0,1.49646,0.62622,0.62436,2.44525,1.94154,3.26553,0,0,1.14037,1.87264,0.9246
426,22.8298,1,2,0,1,0,0,3,0,0,3,1,0,0,0,2.68221,0,1.49348,1.02588,0,0,1.15413,0
427,22.9034,0,1,0,1,2,4,1,0,1,4,2,0.22558,0.79496,0,0.72662,0,0,3.78396,0,0,3.546,0.27769
428,22.9323,0,0,0,3,0,4,2,0,1,5,1,0,0.6114,0,1.38588,1.42146,4.05562,0.27416,0,0.27825,5.21277,1.578
429,22.9619,0,1,0,2,0,4,0,0,1,1,1,0,0,0,2.81217,0,4.06817,1.44136,0,1.20736,5.25073,1.94326
430,22.9675,1,1,1,2,0,1,1,2,3,4,0,0,0.02815,0,2.29777,0,3.5,0,0,0.34961,0.11797,0.0125
431,23.0784,1,1,0,0,1,3,1,0,0,4,1,1.49851,1.39931,0.52044,1.18531,0,1.56235,0.55119,1.17042,1.8522,5.05685,0
432,23.1589,0,1,0,0,1,2,2,0,0,4,2,0.0053,1.08807,0,0,0.17213,2.21348,1.02522,0,0,5.14627,1.55724
433,23.2019,3,0,1,3,1,4,1,0,0,3,1,0,0.08203,0,0,1.11442,2.93783,2.48375,0,0,3.56576,0.36705
434,23.2326,0,2,0,1,0,2,0,1,1,6,0,1.2303,0,0.49422,2.86945,0.63385,3.84458,1.10011,0,0,3.23552,0.51834
435,23.2684,3,1,0,0,0,2,2,0,0,4,0,0,2.27098,0,0.88524,0,2.72052,0,0.49022,0.94265,6.22621,0
436,23.3232,1,3,1,3,3,3,3,0,2,6,1,3.02214,1.92771,0,0,0,1.61346,1.97171,0,0,4.37122,0
437,23.4237,2,1,1,1,0,2,2,1,0,3,3,0.24195,1.80477,0.11175,1.3383,2.84112,3.12076,2.84737,0,0.82968,6.062,1.61875
438,23.5089,0,0,0,1,1,1,1,0,0,6,0,0.71062,0.78422,0.41072,1.06777,0,3.03916,1.62844,0.83213,0,3.62363,2.54557
439,23.5722,1,0,3,2,1,2,0,0,2,8,1,0,0,0,1.25673,0.03781,0.39396,0.99013,0,0,6.46172,0
440,23.6722,2,2,0,2,1,3,4,0,1,3,1,0.35433,0,1.01088,2.89332,0.14967,0.64716,0,0,0.55128,7.28193,0.20862
441,23.7481,2,1,0,0,0,0,3,0,1,3,0,2.07501,1.3117,0,1.55257,0.69983,2.64426,3.81408,0,1.09196,2.09614,0.662
442,23.8045,1,2,0,0,0,1,1,0,0,2,1,2.30202,1.53635,0,0,0,0,2.66277,0,0.69645,4.11394,0
443,23.8157,2,1,0,3,0,3,4,1,2,4,1,0.24758,0.46044,0,0,0,0.12591,1.67199,0,0,1.9204,0.10377
444,23.8798,1,1,0,2,2,1,2,1,3,5,2,1.25044,0.31145,0,2.7329,0,3.47971,2.7257,0.58601,2.05025,5.44591,0.44861
445,23.9478,0,0,0,2,0,2,1,0,2,6,0,0.91726,0.88036,0,2.80826,1.75286,1.57691,2.41148,0.77161,2.54823,5.17686,1.36244
446,23.9942,0,4,0,6,0,2,2,0,1,7,1,0,0,0,2.1286,0,0.46122,1.26934,0,2.08232,5.40828,0
447,24.0462,1,1,0,0,0,2,1,0,1,3,1,0,1.12028,0,4.05516,0,0.96532,0.16168,0,1.36424,7.41506,0.16532
448,24.1134,1,2,0,1,0,1,3,1,0,2,1,0.56209,0.49075,0,0,0,1.53548,1.40055,0,0.8047,3.81954,0.60151
449,24.1507,0,0,0,1,1,2,2,0,2,3,3,0.75294,1.91016,0,0.36948,0,1.1913,2.67712,0.87879,0,2.35201,1.76781
450,24.2233,1,2,0,0,1,1,0,0,1,2,2,0,0,0,0.95906,1.04366,2.91211,0.55978,0,0.17812,2.27481,2.83366
451,24.2934,1,4,0,2,0,3,4,0,2,3,1,0.60244,0.68318,0,0,0.47837,0.25805,0,0,0.55891,1.90796,1.33548
452,24.3358,1,3,1,3,1,1,3,0,0,3,0,1.24149,4.95535,0,2.15542,0,2.99805,4.81797,0,1.69086,3.02455,0.83844
453,24.3649,2,4,0,0,1,3,0,0,2,5,1,1.32633,4.34044,0.53285,2.75727,0.08693,1.27003,3.80204,0,0,4.12136,0
454,24.3948,1,2,0,1,0,2,3,1,1,4,0,1.36452,1.91019,0,0,0.24766,0.91632,0,0,0.71906,4.49413,0.34588
455,24.4145,1,1,0,0,0,1,0,0,0,4,0,1.23061,1.5504,0,0.72357,0,3.11994,2.57164,0.90444,0.74685,4.81848,0
456,24.449,2,4,0,2,1,3,0,0,0,5,2,1.81036,1.78325,0,0,0,0.27927,0,0,0,3.8169,0
457,24.4807,1,1,0,1,2,1,0,0,1,3,0,1.19855,0.7937,0,0.2879,0.20953,3.14332,0,0,0,4.65232,0.50858
458,24.5525,0,0,0,2,1,4,1,0,0,2,0,0.6687,0.71568,0,1.73176,2.01274,1.37538,0,0,0.63741,3.26439,0
459,24.6123,0,3,0,1,2,1,2,1,1,5,4,0,0,0,1.85929,1.99617,4.54374,1.71967,0,0,1.65155,0
460,24.6666,3,1,0,1,1,4,1,0,2,3,2,0,0.87969,0,1.05315,0.95437,1.48685,0.6888,0.14302,0.15964,3.23617,2.26336
461,24.7016,2,0,0,1,3,1,5,0,0,5,0,3.8695,0.74298,0,0.56883,1.20184,4.26494,1.6124,0,1.45986,4.39265,1.386
462,24.7133,0,0,0,1,1,2,1,1,2,9,3,1.97986,0,0,1.18154,4.09911,0.08686,4.41247,0,0,5.10798,0
463,24.7505,1,2,0,1,0,2,2,1,2,2,3,0,0,0,0.74833,0.27074,0.2105,1.12805,0.35089,0.36974,7.99954,0.47919
464,24.7903,3,0,0,2,0,1,0,1,0,2,0,1.50215,1.25628,0,0.53106,0,3.28798,1.62684,1.59047,0.62628,2.9404,2.07684
465,24.8313,4,4,0,2,2,2,3,0,1,4,2,3.18239,0,0,2.2094,0,0.45146,0,0.35344,0,2.55926,0
466,24.8637,3,1,0,0,0,2,1,1,1,9,0,3.54431,0.90676,0,1.9388,0.57332,0.5699,2.83954,0,1.01251,3.76749,0.43766
467,24.9104,0,0,0,1,0,3,1,1,0,2,0,2.72826,0.55908,0,0,0,2.15877,0.02868,1.1402,0.75021,8.23407,0
468,24.9489,0,4,1,1,1,1,0,0,2,5,0,0,0,0,0.08537,0,3.31519,0.17216,0.53465,0,3.09327,0
469,24.9808,1,1,0,0,1,4,2,0,0,3,3,0,1.33504,0.18634,0.39163,0.16234,1.22139,0,0,0.28292,3.43255,0
470,25.0097,2,1,0,1,1,2,0,0,3,1,1,1.07527,0.68721,0,0,0.56316,2.28612,1.21128,0,0,3.88255,1.76508
471,25.0303,0,2,1,1,1,1,3,0,3,5,1,1.03853,1.24366,0,0.07823,1.81739,2.45006,0,0,2.75438,1.4169,1.18183
472,24.9822,2,0,0,1,1,2,0,1,0,5,2,0,0.23277,0.00508,0.18805,0.04982,0.24267,2.24096,0,2.20242,5.53066,0.49424
473,24.9915,1,1,0,1,0,1,1,1,0,7,0,1.72657,0,0,0.29679,0.36396,1.85376,0,0.39372,0,4.38236,0.90624
474,25.0081,2,3,1,1,0,2,1,0,2,9,1,1.67146,1.72504,0,1.66208,0,1.22046,1.27919,0.88682,0,6.90991,0
475,25.0125,0,1,0,1,2,1,1,0,1,4,3,1.32595,0.60242,0.08827,0.18134,0,1.91073,1.02971,0,0.29042,12.21657,0.08446
476,25.0055,1,3,0,0,0,2,2,0,0,6,1,0,0.5586,0,0.54315,0.96408,1.38137,0.00305,0,0.48915,5.34295,2.33865
477,25.0295,0,1,0,2,0,2,1,0,1,3,0,0.86408,3.56951,0,0,0,2.19613,2.00446,0,0,6.25086,0.96401
478,25.037,2,0,0,2,0,0,1,0,1,2,3,0,0.0436,0,2.3832,0,0.91119,1.96224,0,0.38818,4.02446,0
479,25.0387,3,3,1,2,0,4,3,0,1,4,0,1.67673,0,0,1.90271,0,0,0.7267,0,0.68829,3.1723,2.31759
480,25.0341,2,0,0,3,1,1,1,0,3,5,0,3.27694,2.78898,0.69794,1.81461,0,3.72881,4.2224,0,1.05959,5.50476,0
481,25.0581,2,2,2,4,0,2,2,1,2,5,1,2.44963,0,0,3.44843,0.80116,0.90569,1.28479,0,3.28947,5.56377,0
482,15.4415,2,5,0,5,1,4,2,0,0,3,1,0.88086,2.09108,1.09926,3.37195,0,2.34935,2.36691,0.84282,1.67595,5.32307,0.14346
483,14.3119,4,1,1,3,0,1,0,1,0,7,0,2.5018,5.73187,0,4.7622,0.42527,4.88254,1.1199,0,0,2.45446,0.7142
484,14.1545,2,0,0,3,2,4,0,0,0,7,4,3.86835,1.26784,0.59338,3.09796,0,1.14832,0,0.24724,0,8.21693,0
485,14.1977,3,2,0,2,0,5,4,1,2,5,1,2.00575,0,0,2.45046,0.53664,3.25433,0,0,0,6.78385,0.9708
486,14.3319,3,0,0,0,0,1,2,1,1,3,1,3.90284,0.9796,0,1.50812,0,4.77481,3.14054,0.71846,1.84244,5.92603,0.67496
487,14.4985,1,2,1,0,1,3,1,1,0,2,1,2.20147,0,0,0,0,1.78432,2.71561,1.02788,0.91318,3.23239,1.07656
488,14.7211,1,1,0,2,0,2,2,0,2,4,0,0.67296,0.68238,0.17397,0,0.25623,1.9387,1.43099,0.27612,0,2.01679,0.82467
489,14.99,4,1,0,1,0,2,1,0,0,2,2,1.21544,0.62492,0,2.76486,0,2.55895,1.39051,0,1.47424,4.7651,0
490,15.2356,0,2,0,4,1,4,1,0,1,3,0,3.53706,1.05607,0,0.22782,0,2.07361,0.3363,0,0,1.37808,1.71874
491,15.5269,5,5,0,4,0,2,3,0,3,2,1,0,1.70381,0,5.2477,0.2031,3.24332,1.08044,0,0.16503,3.17059,0
492,15.8213,2,2,0,3,4,2,2,0,1,1,1,5.49641,2.66905,0,3.63037,0,1.97456,5.60649,0,1.68261,1.04456,0.47816
493,16.1384,2,1,0,5,0,3,2,0,1,4,0,3.01379,2.31953,0,3.27106,5.51114,2.41671,1.26361,0,0.93871,1.87037,0.91015
494,16.4544,1,1,0,2,1,6,1,1,0,8,1,1.26888,0.43029,0,4.68957,0,4.29717,2.29016,0,0.94977,3.47445,0
495,16.7486,2,1,0,2,0,2,1,0,1,2,1,1.45527,0.34148,0,3.34572,0.23276,6.25202,0.50987,0.3191,0,7.77941,0.38975
496,17.057,1,0,1,3,0,1,3,1,1,3,0,1.83294,0.69742,0,1.63969,0,1.90074,1.79491,0,0.70882,3.2282,0.71692
497,17.3468,0,1,0,0,1,2,0,1,0,2,1,0.44545,0,0.76125,2.35701,0,0.34152,1.18656,1.54193,0.97545,2.74533,0
498,17.6215,1,1,0,1,2,2,2,1,2,6,1,0,0.20132,0,0,0.54671,2.00507,0,0.28468,0,1.75035,0.13208
499,17.8548,1,0,1,1,0,2,2,0,0,0,1,0.56194,0.70753,0,1.61671,1.30802,2.81026,2.7801,0.62188,1.56578,5.25098,0.54022
500,18.1081,2,1,1,1,0,4,2,0,0,1,1,1.89692,0,1.06248,0.16326,0,2.02268,1.10572,0,0,0,1.7145
501,18.3094,2,3,0,0,1,3,2,0,1,8,0,1.17942,0.13154,0.89066,0.08948,0,3.72307,1.08456,0,0,1.68671,0.19328
502,18.5597,1,0,0,2,0,2,0,0,0,3,2,2.66536,2.09379,0,0,0.64822,4.07599,1.12568,0,0.24031,8.79337,0
503,18.7946,1,3,0,1,2,1,3,1,0,3,0,0.50413,0,0,1.32725,0,2.52275,0,0,0,3.75621,1.98426
504,19.0005,1,2,0,2,1,2,0,0,0,4,1,0.63197,1.04145,0,1.18668,1.07338,0.30486,2.21007,0.4967,0,3.20681,0
505,19.2004,2,2,1,1,0,2,0,0,1,3,2,1.04069,1.18808,0,1.5903,0.57217,1.1093,0,0,0,4.00436,0.44566
506,19.4064,0,0,0,3,1,4,0,0,1,4,0,1.81631,1.89438,0.80877,1.28064,0,2.45042,0,0,1.37322,3.46488,1.7646
507,19.597,1,1,0,2,0,0,2,2,0,6,1,0,0,0,1.83635,0.39596,3.4089,0,0,0.53932,4.66031,0
508,19.7634,0,3,0,1,0,2,1,2,1,5,2,0.25678,1.02475,0,1.2059,0,0,1.05296,1.70057,0,5.46519,0.41599
509,19.9602,1,2,0,2,1,1,3,0,0,1,0,0,3.80695,0,1.77715,0,2.5287,1.22497,1.97826,0.82305,5.74511,1.83066
510,20.099,1,4,0,3,3,5,1,1,1,3,0,1.20949,3.1036,0,1.60699,1.01307,1.29775,2.83309,0,0,2.41098,0
511,20.2897,0,1,0,2,2,3,3,1,0,4,2,0.34787,1.80633,0,3.3095,2.29834,4.27891,1.50879,0.44602,0.36301,2.86474,0
512,20.3232,2,0,0,2,1,2,1,0,1,0,0,0,0.72054,0,3.54148,1.94833,3.47667,2.93711,0.96891,0,4.34932,1.6977
513,20.5017,0,1,1,2,2,0,1,0,3,5,1,1.75444,0,0,1.55934,1.9091,1.75183,0.8429,0,1.31656,0,0
514,20.6316,3,2,0,3,2,2,1,1,1,2,2,0,0.09766,0.37456,1.41923,0.61306,0,1.06417,0,2.84031,5.43921,1.15002
515,20.7992,1,0,0,1,1,0,1,0,1,4,0,2.99139,1.21302,0,3.66446,2.09805,1.61962,1.82657,0.7836,1.0001,0.8829,1.09531
516,20.9197,0,1,0,1,0,0,2,1,2,4,1,1.16479,0,0,0.21426,1.05124,0,0.16194,0,1.36485,4.12197,0
517,21.0633,1,3,0,4,2,1,2,0,2,1,1,0,0.10687,0,1.07899,0,0,0.44558,0.87172,2.11013,4.04585,0.34072
518,21.1701,3,0,2,3,1,4,4,1,0,2,1,1.18684,1.98144,0,4.53665,1.21284,1.54925,1.4076,0,1.0992,1.90746,0.55275
519,22.0127,4,0,0,1,0,1,3,0,0,1,1,3.28885,0,1.1326,2.16112,0.92942,1.99081,4.10413,0.73055,0,1.3763,1.6305
520,21.9569,2,4,0,5,3,4,2,0,0,1,2,4.84741,0,0,0.3936,0,1.28603,4.22778,0,0,1.46221,0.16304
521,21.9623,1,2,2,0,0,1,3,0,2,4,0,1.95968,2.06748,0,5.24993,0.94887,3.595,2.50656,0,0,1.2647,0.7062
522,22.0308,2,0,0,0,0,1,1,1,0,5,0,1.35133,1.61836,1.5868,0,0,1.45804,2.84041,0,1.22133,4.39948,0
523,22.0944,1,2,0,4,0,4,5,0,2,0,0,1.58543,0,0,0,0,1.97949,0.33249,0.16171,0,4.15365,0
524,22.2473,1,4,0,0,0,3,2,0,0,6,3,1.11089,0.49404,0,4.34385,0,2.8971,3.28834,0,0.4707,0,0
525,22.3206,3,0,1,1,0,3,1,0,1,1,1,1.17265,2.68676,0,0,0,1.62474,1.20627,0,0,5.03638,1.69143
526,22.4544,1,0,0,1,1,2,1,1,0,2,0,1.64739,0,0.96688,1.13971,0,3.93152,1.33658,0,0.93778,1.05897,0.9646
527,22.5691,0,2,1,3,1,4,2,1,0,2,1,0.81627,0,0,0.40313,0.01362,2.1109,0.63394,1.41706,0,2.30715,0
528,22.641,1,2,0,1,0,3,1,0,2,5,5,0,1.94444,0.48971,2.91881,0.54734,3.49328,2.94202,0.28877,0,2.55823,0.34739
529,22.7293,2,1,0,2,1,2,0,1,0,5,0,1.13667,2.04623,0,1.90274,0,3.04109,0.19362,0,1.07438,4.85148,4.68305
530,22.8075,1,3,0,2,0,6,0,1,1,3,2,1.73285,1.95533,0,1.88353,0.7638,2.87165,0,0.01011,0,5.94945,0
531,22.852,1,1,1,2,2,3,2,0,2,4,2,1.05777,1.22927,0,2.12146,0,7.69008,0,0.32474,1.39409,3.98022,0.36214
532,22.8882,0,0,0,1,0,1,0,0,1,3,0,0.44824,0.676,0.86878,2.37366,1.23632,3.75813,1.15912,0,1.999,4.11287,1.38074
533,22.9809,1,1,2,3,0,1,3,0,0,4,3,0,0,0,1.23323,0,1.51995,0,0,0.10906,3.62136,0
534,23.0454,1,0,0,1,0,7,3,0,0,3,1,1.05405,0.01346,0.13246,1.09779,0,1.29656,3.02637,0,0,3.4207,0.34251
535,23.164,0,2,0,1,1,5,0,1,1,9,2,0.15604,0,0,0.75853,0,6.93889,2.5551,0,0,3.03853,0.37282
536,23.2845,2,0,0,4,0,1,0,0,0,4,0,0,1.59672,0,1.41368,0.88413,6.9131,0,0.59802,0.84072,9.37511,1.66602
537,23.3973,0,2,1,1,0,3,2,0,0,7,2,0.68836,0,0,5.54853,0,0.2132,0,0,0,5.21833,0
538,23.5211,1,0,0,0,1,0,7,0,2,4,1,0,0.57392,0.84718,0.01145,0,1.17264,1.52607,0,0,6.73221,0.69674
539,23.6035,1,0,0,1,0,2,3,1,0,1,0,1.03162,0,0,0,0.76029,0,6.41273,0,1.6392,3.53995,0.78264
540,23.7056,2,2,0,2,0,3,0,0,1,4,1,1.76053,0,0,1.81092,0,2.25628,2.82291,0.96761,0,1.76372,0
541,23.7929,0,3,1,4,0,2,1,0,2,3,2,0.33519,0.30812,0,1.34062,0,2.22333,0,0,0.12754,0.94325,0.05494
542,23.8281,0,3,1,1,0,1,1,0,0,7,2,0,2.18693,0.67062,3.86506,0,1.98759,0.41511,0,0.91284,5.65494,1.07424
543,23.8845,1,0,0,3,0,0,0,1,0,3,0,0,2.59044,0.821,1.71815,0,0.85517,0.99359,0,0,6.09912,1.99942
544,23.9274,1,1,0,0,1,3,2,0,2,4,0,1.11025,0,0,2.06342,0,0,0,0.07225,0,3.64372,0
545,23.9643,1,3,0,0,0,0,1,0,2,3,1,0.5511,0.50784,0,0,0.43425,1.33461,0.7497,0,0.96318,3.63788,0
546,23.9899,0,1,0,2,0,1,1,0,0,5,0,0.8702,3.13955,0,0,0,0,0.7799,0,1.71958,2.87271,0.9854
547,24.0294,2,0,1,1,0,1,2,0,0,5,1,0,0.94055,0,1.06616,0,1.1223,1.25323,0,0,9.00355,0
548,24.0906,0,1,0,4,1,0,2,1,0,5,3,1.06821,0,0.60966,1.5548,0,0.64357,2.59716,0,0,5.13523,1.24637
549,24.1469,1,0,1,3,0,1,1,0,0,2,0,0,0.87779,0,2.46375,0.91403,0,2.24772,0.81035,0,4.98161,3.09332
550,24.1545,2,1,0,3,2,4,1,2,1,8,0,1.37881,0,0.00046,3.06822,0,0.24763,0.43189,0,0,4.41042,0
551,24.2168,1,2,0,2,6,5,1,0,1,2,1,1.80125,1.03637,0,3.32729,0.68124,1.72752,0.22212,0.74292,1.82248,8.63197,0
552,24.2856,2,0,0,2,0,1,0,0,0,3,0,1.81054,1.69779,0,2.88854,5.78226,4.94876,0.8705,0,0.16384,4.52173,0.78233
553,24.3271,0,3,2,3,1,4,1,1,0,3,1,1.12176,0,0,2.55107,0,2.06111,0,0,0,4.0382,0
554,24.3695,1,0,0,3,0,4,3,0,1,5,1,0,0.73845,0.35886,2.83293,0.13611,3.65407,1.0434,0.12054,0,3.15599,0.12984
555,24.4261,0,0,0,1,0,4,3,1,0,1,0,0.7181,0,0,2.29251,0,4.58673,3.82492,0,0.57794,4.42781,0.60347
556,24.4435,0,0,0,0,0,2,2,0,0,3,0,0,0,0,1.19535,0,3.891,3.3393,0.22723,0,1.50649,0
557,24.4976,2,3,0,1,2,5,5,0,4,4,1,0,0,0,0,0,3.06438,1.56341,0,0,3.46265,0
558,24.5498,1,0,0,0,1,0,0,0,1,0,0,1.71524,2.04594,0,0.72818,0.9784,3.26441,4.99093,0,4.10565,3.32267,0.44198
559,24.5925,2,1,0,0,0,0,1,1,0,3,0,1.11129,0,0,0,0.58846,0,0,0,1.58333,0,0
560,24.6354,3,1,0,3,0,1,2,0,1,6,3,2.5656,0.06714,0,0,0,0,0.05448,0.97194,0,2.67678,0
561,24.6614,2,1,1,1,0,3,0,1,1,4,1,2.79911,0.42314,0,1.13604,0,0.06038,1.29934,0,1.85919,6.75821,1.65489
562,24.6923,0,0,0,0,0,2,1,1,2,4,0,1.52888,0.98305,0.96733,0.87007,0,3.01403,0,1.51789,0.04831,3.90834,0.94738
563,24.7279,0,0,0,0,2,2,2,0,2,4,1,0,0,0,0,0,3.07898,1.28014,0.23442,1.59659,4.17534,0
564,24.7601,1,3,0,5,3,1,0,1,0,2,2,0,0,0,0,2.0467,1.19724,1.75548,0,0.86456,4.63176,0.29093
565,24.7605,0,0,2,0,0,3,0,2,0,3,1,0.88024,2.44713,0,2.99585,2.99169,1.39826,0,1.22816,0,3.37476,2.02847
566,24.7922,2,3,0,1,3,2,0,0,0,4,1,0,0,1.4811,0,0,2.64291,0,1.10658,0,2.75492,1.83725
567,24.8038,2,5,0,2,0,1,1,0,0,2,1,1.49854,1.01517,0,1.5282,1.20021,2.17908,0,0,0,4.15353,0.59347
568,24.8244,0,0,0,1,0,0,1,0,0,1,0,1.82582,4.7807,0,2.42694,0,0.89473,0.10099,0,0,1.95675,0.82135
569,24.8431,1,1,0,2,1,2,3,0,1,3,4,0,0,0,0.02103,0,0,1.16288,0,0,1.69089,0
570,24.8492,0,1,0,1,2,1,3,0,2,2,2,0.94862,0.29009,0,1.40812,0.43646,1.64828,2.28247,0,0.16508,2.2968,3.90404
571,24.8525,3,1,0,1,0,3,0,0,0,4,0,0,1.0849,0,1.62126,1.54592,1.9302,2.9854,0,1.42712,2.92991,1.71494
572,24.8634,1,2,0,0,1,4,1,0,0,7,0,3.04612,1.23494,0,0.17982,0,2.95061,0,0,0,4.28325,0
573,24.893,2,3,0,1,2,2,0,0,0,1,2,0.66138,1.63077,0,0,0.2549,3.29352,0.17162,0,0,6.06535,0
574,24.9449,1,2,0,2,0,4,1,0,0,2,0,1.42316,3.82962,0,1.2542,1.49834,1.98386,0,0,0,1.85786,1.56122
575,24.9791,2,0,0,2,1,4,1,0,2,4,1,1.02642,2.22385,0,2.39925,0,3.37552,1.26661,0,0,2.00475,0
576,25.0002,3,2,0,3,0,4,0,0,0,1,3,2.47099,0,0,2.17545,0.12896,4.12777,0.2475,0,0.85792,3.19286,0.07049
577,25.0262,3,0,0,1,0,1,1,0,0,2,1,3.66261,1.17662,0,1.94601,0,5.65371,0,0,0,1.54955,3.47271
578,25.0197,0,2,1,1,1,2,3,0,1,4,0,2.80023,0,0,0.46926,0,1.77627,1.59581,0,0,2.17381,1.16761
579,25.0353,2,1,1,3,3,3,1,1,0,4,1,0,0.11014,0.13208,1.93626,1.15765,1.3375,2.44546,0,0.07754,2.95214,0
580,25.0355,0,3,0,1,1,3,2,0,1,4,2,1.04792,1.79826,0.40441,2.36793,2.18708,3.3384,0.79174,0.69232,0,3.71776,0.52318
581,24.9817,2,1,0,2,0,1,0,1,1,3,1,0,2.7749,0,1.03036,0.89609,3.8175,1.98672,0,1.07047,6.04328,2.3029
582,25.0223,2,2,0,3,1,0,2,0,0,2,2,1.4981,0.20005,0,2.16895,0,0.83482,0,0.02135,0.63178,2.38174,0.14361
583,24.9967,3,2,0,3,0,6,2,1,1,2,1,0.87863,0.61448,0,3.50009,0.21532,0,0.8504,0,0,1.76103,1.27154
584,24.9082,2,1,1,1,0,3,1,0,0,4,0,3.68998,2.91073,0,3.73428,0,6.09437,3.37034,0.10653,0.7659,2.49308,0.73314
585,24.8001,0,2,0,2,1,2,0,0,1,1,0,1.56218,0.0735,0.46826,1.32599,0,4.24349,0.58685,0,0,3.45324,0
586,24.7414,1,2,0,0,1,1,0,0,1,1,2,0,1.41998,0,0.23282,0.4876,2.75408,0,0,0.0034,1.45986,0
587,24.7355,2,1,0,2,0,3,0,0,0,2,0,1.08305,2.78895,0,0,0.57405,0.37858,0,0,0.11727,1.16848,1.14912
588,24.7115,0,4,0,2,0,5,2,0,0,5,2,1.66228,0.10924,0,0.99736,0,3.93417,0,0,0,2.4811,0
589,24.7156,3,2,0,1,1,5,1,0,1,4,1,0,3.1895,0,2.02095,0,5.1374,1.06888,0,0,5.8264,0.2984
590,24.6917,0,0,0,4,2,1,0,0,0,5,1,2.20434,1.75552,0,1.85693,0.50328,5.31073,0.61929,0,0.46776,4.09393,0.65034
591,24.7,2,0,0,1,0,2,1,0,3,2,0,0,0,0,3.41414,1.91542,1.77786,0,0,0,6.09934,0.89282
592,24.7103,3,3,0,0,0,1,3,0,1,3,1,2.12965,0,0,1.16457,0,2.13164,1.05079,0,3.2035,3.70976,0
593,24.7114,1,3,1,6,0,6,1,0,0,2,0,3.67825,3.03219,0,0,0,0.11622,3.18057,0,1.02408,3.40966,0.52632
594,24.7112,0,0,0,1,0,3,2,1,0,3,0,0.77036,2.32413,0.5324,5.16898,0,7.92971,1.29682,0,0,2.48843,0
595,24.68,2,3,1,1,1,4,4,3,1,1,2,0,0,0,0.95602,0,2.60626,2.66975,0.45931,0,2.97009,0
596,21.745,4,4,1,2,1,5,0,2,0,4,2,1.92785,3.06023,1.05674,1.0198,0.10194,4.71266,3.45698,3.09832,0.62013,0.11097,1.65635
597,17.6767,2,2,0,4,0,1,1,1,1,3,0,4.30832,4.05224,0.91617,2.41581,0.52418,5.41828,0,3.28832,0,5.8983,1.41664
598,17.4971,1,4,0,2,0,2,3,0,1,6,3,1.73023,1.73462,0,4.53639,0,1.91105,1.70821,0.20838,1.32029,3.1228,0
599,17.4666,3,4,0,0,0,1,3,0,0,3,2,1.2247,1.22722,0,2.30167,0,0.50155,3.14171,0,0.31158,5.94177,0.60633
600,17.5112,0,1,0,1,0,0,3,0,0,2,1,0.94884,3.18944,0,0,0,0.45878,2.29681,0,0,2.71302,1.36966
601,17.6134,0,1,1,1,0,3,1,0,0,6,0,0,1.22796,0,0.06598,0,0,3.42968,0,0,2.94769,0.92512
602,17.7037,1,1,1,0,2,4,2,0,1,3,1,0,0.38406,0.04209,0.52548,0,1.90086,0.3708,0,0,6.01725,0
603,17.8913,1,3,0,1,1,3,1,0,3,7,0,0.19607,0.37781,0.53051,0,1.10512,3.18103,1.66506,0,0.40889,3.33972,0.48818
604,18.0615,3,1,0,1,0,2,1,0,0,5,0,0.21103,3.67116,0,0.69349,0.96214,2.51684,1.11979,0,2.58357,8.71593,0
605,18.2559,2,4,0,1,1,2,1,1,0,0,3,3.00152,0.02928,0,1.13884,0,2.79863,1.15877,0,0,5.57801,0
606,18.4694,1,2,0,1,6,6,0,0,1,5,3,2.00179,1.87244,0,0.51556,1.2913,2.03558,0.35997,0.10874,0,0,1.65091
607,18.7077,3,0,0,4,0,0,0,0,1,3,0,1.84611,1.75262,0,1.13026,8.29074,5.28273,0,0,1.38254,4.92595,3.23509
608,18.91,1,3,0,1,2,2,2,0,1,5,0,2.04898,0,0,3.3882,0,0,0,0,1.39097,3.74922,0
609,19.1422,1,0,0,2,1,0,4,1,0,4,2,1.94264,2.28763,0,1.27522,2.35975,0.23218,0.49876,0,0.06465,4.61073,0
610,19.3446,0,1,0,1,0,1,3,0,0,2,0,0.04232,0,0,0.76926,0.06847,0,2.23408,0.45433,0,4.7545,0.99494
611,19.5546,2,0,0,3,0,0,0,0,1,4,0,0,0.89847,0,1.01309,0,0.95886,2.95182,0,0,2.03026,0
612,19.7653,2,0,1,2,0,3,0,0,2,5,2,1.57404,0,0,3.49836,0,0,0,0,0.00233,4.01584,0
613,19.9453,0,1,0,3,0,1,4,0,0,6,0,1.69065,0,0.37345,1.66437,0,3.0723,0,0,1.11422,5.58828,0.90212
614,20.0875,1,0,0,1,2,5,2,0,0,2,2,0,0.50865,0,2.83424,0,1.66765,5.00305,0,0,6.02995,0
615,20.2602,2,1,0,3,1,7,3,0,4,3,3,1.01596,0,0,1.14205,0.63538,5.0191,1.5453,0,0,2.64054,2.19425
616,20.3038,1,7,0,4,1,2,3,1,0,7,1,1.06848,0.62965,0,3.00006,0.49699,6.87262,2.96293,0,1.71676,3.32559,1.61727
617,20.4803,2,0,0,0,0,1,2,0,0,1,0,1.06061,5.71074,0,3.29117,0.71322,3.16321,3.42203,0.26649,0,7.7376,0.72282
618,20.6207,1,6,0,2,4,4,2,1,0,3,0,0.60495,0,0,0,0,1.33291,1.18353,0,0,1.01765,0
619,20.8087,2,3,0,3,2,2,3,1,3,6,0,1.22082,2.33268,0,1.45664,3.59784,3.80467,2.50859,0.11272,0,2.7472,0
620,20.9433,0,2,1,1,1,3,2,1,0,3,1,1.058,1.87848,0,2.31719,1.6339,2.00715,3.13024,1.35725,1.72431,5.4614,0
621,21.1043,2,1,0,1,0,1,0,0,0,3,0,0,1.92206,0.93443,0.63864,0.88913,3.48779,1.56096,0.275,0,3.43674,0.88754
622,21.2282,1,4,0,5,3,3,4,1,1,0,2,2.52414,1.33002,0,1.33673,0,2.08837,0,0,0,3.77776,0
623,21.3674,6,1,0,2,1,3,3,0,1,4,1,1.26257,3.0883,0,5.92593,1.17918,1.29203,3.48451,0.37545,0.43257,0,0.87822
624,21.4776,1,0,0,5,0,1,0,0,0,2,0,5.98121,0.83591,0,2.01323,0.39656,2.76519,2.42732,0,0.96839,3.71854,0.83117
625,21.618,4,3,0,2,0,3,0,0,1,3,0,2.73873,0,0,5.002,0,1.35608,0,0,0,1.71067,0
626,21.7206,1,0,2,1,2,1,2,0,1,2,2,3.3282,0.9639,0,2.15597,0,3.6555,0,0,0.21315,3.15107,0
627,21.8472,0,1,0,0,0,2,1,0,0,2,0,0.95669,0,1.58116,1.19351,1.9681,1.42847,1.73956,0,0.99551,1.85904,1.65754
628,21.9727,3,1,0,3,1,2,2,4,1,4,3,0,1.39415,0,0,0,2.01703,1.66007,0,0,2.45842,0
629,22.0592,3,0,1,1,1,3,3,0,0,7,3,2.28825,0.22236,0,2.32806,0.19308,2.18247,2.11286,1.57956,0.87354,4.54981,2.08645
630,22.1744,3,0,0,2,2,4,0,1,1,8,2,3.19803,0,0.66602,1.31821,0.27539,3.26111,1.66101,0,0,7.931,1.824
631,22.2782,0,0,0,4,2,1,1,0,1,2,0,3.21039,0,0,2.0055,2.66006,3.63664,0,0.55507,1.09582,8.12497,1.96256
632,22.3167,0,3,0,4,0,3,3,0,1,2,0,0,0,0,4.32646,2.68016,0.67371,1.32943,0,0.46314,4.0825,0
633,22.4182,2,3,0,3,0,3,2,0,3,2,2,0,2.63438,0,3.10419,0,3.12815,1.92445,0,1.22131,1.73647,0
634,22.4989,1,0,0,1,1,3,2,0,0,1,0,2.81314,2.59509,0,2.98413,0,3.86157,2.02811,0,2.46197,2.49021,1.76378
635,22.5932,4,3,0,1,1,4,1,0,2,2,2,0.13743,0,0,1.38456,1.07829,2.50664,2.50795,0,0,0.70602,0
636,22.6459,1,1,0,2,0,2,2,1,2,3,2,3.28352,1.14423,0,1.14069,0.84167,2.75574,0.82439,0,2.17813,0.66778,1.62114
637,22.7096,2,1,0,2,0,3,2,0,0,3,0,1.04537,1.06918,0,1.5029,0,2.01868,2.1186,0.9682,1.1167,3.84028,1.16724
638,22.7821,2,3,0,0,1,1,2,0,2,2,1,2.9314,1.67094,0,1.91304,0,5.37865,2.82138,0,0,3.64046,0
639,22.8492,2,2,0,3,0,2,2,0,0,5,2,1.72271,2.31923,0,0,0.16217,0.05106,2.29587,0,0.51478,1.54601,0.11537
640,22.8872,2,4,0,1,0,2,1,0,1,2,1,1.85511,2.80812,0,2.56878,0,1.30382,2.00816,0,0,4.64261,1.11326
641,22.9491,1,3,0,0,0,0,0,0,0,3,0,1.59734,4.50083,0,0.801,0,1.9758,1.02229,0,0.16818,2.738,0.88134
642,22.9785,2,5,0,0,2,1,1,0,1,3,0,1.02119,1.31781,0,0,0,0,0,0,0,3.40784,0
643,23.0419,4,0,0,3,2,2,0,0,2,11,4,2.26842,2.3771,0,0,1.59686,0.36925,0.14554,0,1.15087,4.02051,0
644,23.0949,2,1,1,3,0,2,2,1,1,2,0,3.78415,0,0,2.51942,1.71228,2.53308,0,0,1.73895,10.35649,5.67751
645,23.3009,2,5,0,1,0,3,1,3,0,2,1,2.24747,1.11391,0.83699,2.92349,0,2.63044,2.62733,1.09528,0.67663,2.82852,0
646,23.4587,3,3,1,2,1,2,0,0,1,6,1,3.038,2.1534,0,1.15822,0,3.72233,0.41214,2.59608,0,2.65027,0.38947
647,23.3555,1,1,0,4,0,2,0,0,3,5,1,2.08755,2.03076,0.69462,1.06785,0.426,2.02012,0,0,1.18133,6.83357,0.62994
648,23.3464,1,1,1,2,5,8,1,0,3,1,3,1.19148,1.0029,0,6.6981,0,1.92529,0,0,3.6,4.07636,1.25717
649,23.4174,3,1,0,4,3,2,5,0,3,0,4,1.55265,1.28062,0.07135,1.92938,5.53524,8.24125,1.55934,0,3.95779,0.58171,2.31233
650,23.4674,0,1,1,2,2,2,2,3,0,5,2,2.201,0.77143,0,3.73103,3.0911,4.44036,4.51716,0,2.17295,0,5.28566
651,23.5181,5,1,0,3,5,3,1,3,3,2,0,0,1.42743,0.95918,3.13957,2.83992,2.98994,1.99312,2.65005,0,2.66746,1.99601
652,23.5399,1,2,0,5,4,2,3,2,0,3,3,5.91399,0.50648,0,3.59677,4.59591,2.49233,1.76758,2.18224,0.72444,2.3598,0
653,23.5699,3,1,0,1,4,4,0,1,2,1,0,1.80187,1.22448,0,4.33198,4.83308,2.46787,0.86364,3.5915,0,2.29919,2.51109
654,23.6131,1,2,0,7,2,2,2,0,2,2,2,2.57542,1.35048,0,1.90621,3.85516,3.73305,0,0.01976,2.10787,1.58543,0
655,23.6179,1,1,1,2,6,2,2,2,5,1,4,0.4307,0.49656,0,5.18882,2.10879,2.08852,2.26193,0,1.94886,1.55332,1.24564
656,23.7067,0,0,2,0,1,0,0,1,2,1,2,0.30282,0.80274,1.21559,1.34177,6.29682,1.47968,1.16531,1.55934,5.88118,1.39423,2.35926
657,23.7952,0,0,1,1,0,0,1,0,0,0,1,0,0,2.29125,0,0.81267,0,0,0.28217,2.7802,0.25554,1.43962
658,23.8292,1,1,1,1,4,1,0,0,2,0,1,0,0,0.46242,0.16555,0,0,0.21463,0,0,0,1.18941
659,23.8587,1,0,1,1,3,0,0,1,1,0,0,0.33807,0.40233,1.14384,0.56706,3.07318,0.99309,0,0,2.47822,0,0.59865
660,23.9416,0,0,2,2,4,0,1,4,5,0,5,0.93395,0,1.55655,1.16278,4.08934,0,0,0.31166,1.50247,0,0
661,24.0205,0,1,3,2,0,2,1,1,2,1,5,0,0,2.22528,1.84881,3.58408,0,0.08617,4.26751,5.48917,0,5.3182
662,24.1041,2,5,1,1,0,0,1,0,0,1,2,0,1.27147,0.48223,2.5056,0,1.90578,0.28551,1.54065,3.00639,0.05436,4.77961
663,24.1938,0,1,1,1,5,0,1,0,2,0,1,1.2724,6.01232,1.07031,0.75427,0,0,0.5351,0,0,0.81959,2.15154
664,24.2543,5,1,3,1,5,7,4,2,4,1,8,0,1.91134,1.18238,1.19745,5.48402,0,1.31151,0,2.6362,0,2.00568
665,24.3322,2,3,2,2,2,0,1,3,5,1,4,5.59042,1.61848,3.72378,0.7821,4.06724,7.65342,4.14542,2.4655,3.09191,1.40662,10.63406
666,24.3667,2,2,0,3,3,1,2,1,4,0,8,2.76582,2.65647,2.33877,2.0158,3.50934,0,1.68935,2.11724,6.33821,0.13294,4.98005
667,24.3922,6,3,3,1,4,5,2,1,1,0,0,2.02332,3.678,0,3.27647,2.07751,1.28933,1.54164,1.69259,3.62245,0,7.02122
668,24.4496,1,3,3,4,3,4,1,1,2,0,2,4.20698,3.14655,4.21909,2.10744,3.09297,4.30819,2.0663,0.16368,2.01144,0,0
669,24.5025,0,1,0,0,4,3,2,1,1,4,2,0.9317,1.66939,2.09877,3.33764,3.51468,4.69505,2.04168,1.78817,0.24117,0,2.0052
670,24.5666,3,1,2,1,3,1,0,1,1,4,2,0,0.74893,0,0,4.49761,3.31975,0.64101,0.12086,0.67039,5.28935,2.14051
671,24.5514,1,1,1,4,4,3,5,1,3,1,5,2.22373,1.13196,2.98404,1.30069,3.22232,0.69476,0,0.31293,1.13301,3.86541,3.6604
672,24.5082,7,1,2,2,4,4,1,1,3,4,1,1.23214,0.75225,0.00699,4.00871,2.64438,3.06236,4.14336,1.03873,3.32583,2.02059,4.16824
673,24.5142,3,1,0,5,4,2,1,2,3,0,1,6.77295,1.42518,0.6668,2.20406,3.56501,4.45931,2.10337,1.16296,3.18285,2.33716,1.13339
674,24.5386,1,2,2,4,6,0,1,0,7,3,3,2.89867,1.29882,0,4.52365,5.0393,1.80276,1.15738,1.60056,3.52729,0,1.95756
675,24.5574,1,1,1,0,3,2,1,0,1,4,5,1.64565,1.1646,1.22523,3.7942,5.7327,0,1.1743,0,8.65818,3.66096,3.78176
676,24.592,4,3,0,3,9,0,2,1,2,4,2,1.69132,0.66212,0.9409,0,3.11614,1.47392,1.11741,0,2.30752,3.7094,4.50234
677,24.622,4,2,0,3,3,2,1,1,2,3,1,4.32456,3.38871,0,2.19082,9.58805,0,1.86859,0.36618,1.55586,4.22948,1.62245
678,24.6529,3,2,0,3,2,3,3,1,1,1,1,3.74298,2.73996,0,3.55171,3.94653,1.65137,1.23789,1.22664,2.6724,3.65971,1.3499
679,24.6664,2,2,1,1,2,2,1,4,5,3,3,2.37796,1.49905,0,3.144,1.60693,3.011,3.1133,1.51072,1.35878,1.38989,0.38298
680,24.6622,1,1,0,4,0,4,1,0,0,1,1,1.94027,3.03776,0.02667,1.27694,1.0001,3.21454,0.41626,1.3283,2.58705,2.83136,2.89864
681,24.6719,1,2,0,5,4,3,1,1,5,1,0,0.61459,1.52502,0,1.09652,0,4.20181,0.40814,0,0,0.93192,0.98334
682,24.6781,1,1,0,4,3,2,0,0,1,1,3,0.60187,0.46328,0,7.77353,4.8321,3.26128,0.9847,0.18139,4.04172,1.39281,0
683,24.6979,1,0,0,3,4,6,1,1,0,1,3,1.12075,0.3192,0,5.42275,2.68453,2.1658,0,0,0.99769,0.56417,3.28371
684,24.7186,2,0,0,2,3,4,1,1,0,5,3,1.38075,0,0,3.31778,4.29062,5.38604,0.22604,0.84761,0,1.43198,2.97633
685,24.7359,3,2,0,4,3,3,1,1,2,1,7,1.88289,0,0,0.55598,3.49443,4.0754,1.03373,1.02239,0,5.13972,3.4805
686,24.7384,2,2,1,2,5,4,2,0,2,3,2,3.04904,0.6021,0,4.09667,3.49104,4.76896,1.20971,0.92818,1.50485,1.88819,7.19225
687,24.7609,0,1,0,4,5,4,1,0,1,4,0,1.39101,2.74534,0.58673,2.03578,5.54511,4.15525,3.16469,0,1.90954,2.29777,2.15493
688,24.7813,1,1,0,2,4,2,3,0,2,2,3,0,1.30771,0,5.17275,5.17022,3.24296,0.11672,0,1.56827,5.40573,0
689,24.7691,0,2,1,0,2,0,1,1,2,0,1,0.21309,0.10985,0,1.64721,4.503,1.39696,3.37259,0,0.09135,1.15009,2.26729
690,24.1644,0,0,0,0,0,0,0,0,0,0,0,0,1.60774,0.76211,0,1.75363,0,0.60737,0.83927,1.04398,0,0.70081
691,23.3216,0,0,0,0,0,0,0,0,0,0,0,0,0,0,0,0,0,0,0,0,0,0
692,22.8491,0,0,0,0,0,0,0,0,0,0,0,0,0,0,0,0,0,0,0,0,0,0
693,22.4452,0,0,0,0,0,0,0,0,0,0,0,0,0,0,0,0,0,0,0,0,0,0
694,22.2158,0,0,0,0,0,0,0,0,0,0,0,0,0,0,0,0,0,0,0,0,0,0
695,21.9478,0,0,0,0,0,0,0,0,0,0,0,0,0,0,0,0,0,0,0,0,0,0
696,21.7221,0,0,0,0,0,0,0,0,0,0,0,0,0,0,0,0,0,0,0,0,0,0
697,21.9817,0,0,0,0,0,0,0,0,0,0,0,0,0,0,0,0,0,0,0,0,0,0
698,22.3536,0,0,0,0,0,0,0,0,0,0,0,0,0,0,0,0,0,0,0,0,0,0
699,23.4399,0,0,0,0,0,0,0,0,0,0,0,0,0,0,0,0,0,0,0,0,0,0
700,24.15,0,0,0,0,0,0,0,0,0,0,0,0,0,0,0,0,0,0,0,0,0,0
701,24.4988,0,0,0,0,0,0,0,0,0,0,0,0,0,0,0,0,0,0,0,0,0,0
702,23.8022,0,0,0,0,0,0,0,0,0,0,0,0,0,0,0,0,0,0,0,0,0,0
703,23.1465,0,0,0,0,0,0,0,0,0,0,0,0,0,0,0,0,0,0,0,0,0,0
704,23.1723,0,0,0,0,0,0,0,0,0,0,0,0,0,0,0,0,0,0,0,0,0,0
705,23.0765,0,0,0,0,0,0,0,0,0,0,0,0,0,0,0,0,0,0,0,0,0,0
706,22.9771,0,0,0,0,0,0,0,0,0,0,0,0,0,0,0,0,0,0,0,0,0,0
707,22.9272,0,0,0,0,0,0,0,0,0,0,0,0,0,0,0,0,0,0,0,0,0,0
708,22.8087,0,0,0,0,0,0,0,0,0,0,0,0,0,0,0,0,0,0,0,0,0,0
709,22.7118,0,0,0,0,0,0,0,0,0,0,0,0,0,0,0,0,0,0,0,0,0,0
710,22.5819,0,0,0,0,0,0,0,0,0,0,0,0,0,0,0,0,0,0,0,0,0,0
711,22.4831,0,0,0,0,0,0,0,0,0,0,0,0,0,0,0,0,0,0,0,0,0,0
712,22.3807,0,0,0,0,0,0,0,0,0,0,0,0,0,0,0,0,0,0,0,0,0,0
713,22.3083,0,0,0,0,0,0,0,0,0,0,0,0,0,0,0,0,0,0,0,0,0,0
714,22.3062,0,0,0,0,0,0,0,0,0,0,0,0,0,0,0,0,0,0,0,0,0,0
715,22.1395,0,0,0,0,0,0,0,0,0,0,0,0,0,0,0,0,0,0,0,0,0,0
716,22.1067,0,0,0,0,0,0,0,0,0,0,0,0,0,0,0,0,0,0,0,0,0,0
717,22.1521,0,0,0,0,0,0,0,0,0,0,0,0,0,0,0,0,0,0,0,0,0,0
718,22.1881,0,0,0,0,0,0,0,0,0,0,0,0,0,0,0,0,0,0,0,0,0,0
719,22.1196,0,0,0,0,0,0,0,0,0,0,0,0,0,0,0,0,0,0,0,0,0,0
720,22.1412,0,0,0,0,0,0,0,0,0,0,0,0,0,0,0,0,0,0,0,0,0,0
721,21.9141,0,0,0,0,0,0,0,0,0,0,0,0,0,0,0,0,0,0,0,0,0,0
722,21.9384,0,0,0,0,0,0,0,0,0,0,0,0,0,0,0,0,0,0,0,0,0,0
723,22.0098,0,0,0,0,0,0,0,0,0,0,0,0,0,0,0,0,0,0,0,0,0,0
724,21.992,0,0,0,0,0,0,0,0,0,0,0,0,0,0,0,0,0,0,0,0,0,0
725,22.025,0,0,0,0,0,0,0,0,0,0,0,0,0,0,0,0,0,0,0,0,0,0
726,22.0078,0,0,0,0,0,0,0,0,0,0,0,0,0,0,0,0,0,0,0,0,0,0
727,22.1052,0,0,0,0,1,0,1,0,0,0,1,0,0,0,0,0,0,0,0,0,0,0
728,22.0293,1,1,0,0,0,1,0,0,1,0,4,0,0,0,0,0.82041,0,0.69957,0,0,0,1.0624
729,22.0569,1,0,0,1,1,2,1,0,3,1,1,1.03482,0.95054,0,0,0,1.43213,0,0,0.23408,0,4.5124
730,21.8907,1,2,0,0,2,2,1,1,1,1,1,0.3332,0,0,0.16681,1.5936,2.4114,0.71485,0,3.25928,1.01929,2.19628
731,21.9134,0,1,1,0,0,0,0,0,2,1,0,0.60444,1.43724,0,0,1.03587,1.14248,0.98433,0.83505,1.34027,1.13944,0.23688
732,21.9828,0,0,1,2,1,0,2,0,2,0,1,0,0.78848,1.06699,0,0,0,0,0,2.16632,0.60737,0
733,22.0476,1,1,1,0,5,1,0,1,2,3,2,0,0,1.99636,1.47326,1.79979,0,1.02873,0,1.41306,0,1.50709
734,22.0392,1,0,1,1,3,3,1,0,2,5,2,1.59849,0.11172,0.00408,0,5.07222,1.06269,0,0.36804,2.716,2.64898,1.73169
735,22.0615,2,0,0,2,1,0,0,0,1,3,0,1.12734,0,0.73628,0.05606,2.83293,2.91795,0.45341,0,1.43163,5.62561,1.74118
